# remote url	local path (empty = drop). Generated by _import/images.py
http://ir-na.amazon-adsystem.com/e/ir?t=stuabocod-20&l=as2&o=1&a=B00NBTK1WO	
http://ir-uk.amazon-adsystem.com/e/ir?t=stuabocod-21&l=as2&o=2&a=111894691X	
http://ir-uk.amazon-adsystem.com/e/ir?t=stuabocod-21&l=as2&o=2&a=B00G8SK4W2	
https://blogger.googleusercontent.com/img/b/R29vZ2xl/AVvXsEg-kr3-i20P2BPIYuPg3WzOeMCEBQCkmO86RTnv57pNJ4pabjpEPGl-RCyDqcVvMmfUUi7bTL0iv79tnOeXzwB0XE1upS5absUnSVfv-ABphoZNzZFnTgHEAg5rzc-zEUZLf23u6kv0n0tY/s1600/2014-07-07_22.12.56.jpg	/assets/img/2014/07/2014-07-07_22.12.56.jpg
https://blogger.googleusercontent.com/img/b/R29vZ2xl/AVvXsEg-mUzs_kjC8_D1NJFFJ0kjUMLIDo1kCWbH1kWGwU6PY4k-bk0holnQ5aiYZQayYRTrI8gPk1v1pl0R7hHKZe0PUoJ1hbIzeMhwWnF-NhYUCzu_Pi7lVkgIvD5AZe59sRCcWbGzOeyzXW5c/s1600/000716.jpg	/assets/img/2014/01/000716.jpg
https://blogger.googleusercontent.com/img/b/R29vZ2xl/AVvXsEg-x7W7zRL4V5PaegGjUSMo320_negdJUCO8k0Vx3hAs54e4u7Xu22ooYQTvsQOQgQyU3VnUw1WYQpL_IddS4rowuQywC49eEK6HIOh_JvXc_-g6-ICyJYp-82wXtjNPPEjt9dd-BWj6eFw/s1600/minecraft-clock.jpg	/assets/img/2013/04/minecraft-clock.jpg
https://blogger.googleusercontent.com/img/b/R29vZ2xl/AVvXsEg0cDlpFKLHRbCxfN2KCA8BVUjQ8MvyZLq4d5k_G0vRg8xUZRpWVJXtdjNwKL3CL71B5REv5Bvh0hrK95IEXe_T9vhovI8ZeTy9V23Be8eTwUgd_2ddcVhrlJ-pERkTx7Ci2ymIN5scmlxf/s1600/SAM_0873.JPG	/assets/img/2013/04/sam_0873.jpg
https://blogger.googleusercontent.com/img/b/R29vZ2xl/AVvXsEg0zFVcyzSHoyAy3YL-wTReObyd7cUVtMkwf_gDJXdq2Idluo2iIUhqfGkgbx9C60ITtTPJNbJkdiibhdASvBa80gRphXkAeKZ9IQpb-hFbbKIkAF0SmXPmbonx2SQdlrLHDaJ_sEKJTv1l/s1600/MInecraftMusic.JPG	/assets/img/2014/02/minecraftmusic.jpg
https://blogger.googleusercontent.com/img/b/R29vZ2xl/AVvXsEg1S7BxyYb2M31xs3bpn03ed5Z9RPQxl64ryujz0bKBifz7BndGysMPJg-bKeQAc7EH-uh00OekvRimu8gpidUtD0NTJ1rRIIJan9e9gRhQBg4VjAsLsQ5SekVXpA2AjZo5WY5evHTJmHBU/s1600/SAM_0872.JPG	/assets/img/2013/03/sam_0872.jpg
https://blogger.googleusercontent.com/img/b/R29vZ2xl/AVvXsEg2YLyp1FJy9IB2KednUnHy9tg_4FqVol3Gg4sN93hznMRfMs2vf2GmUHUOL1CQLAy2OzU-GO28IyXeU3q9tdvKpx2Wnby0JSGgGeCOiyc8vanrgGUMkPNQUWFXcRm8fFVAhJxcQ0OT7LD0/s1600/minecraft-2.jpg	/assets/img/2013/04/minecraft-2.jpg
https://blogger.googleusercontent.com/img/b/R29vZ2xl/AVvXsEg2YQdTm5STEzxhfelNaZPvkG2oBt0WzGQyxGRsXBhQsRIt-wQQkdk_7RoRONC45iixakItZ3rqFSGrsWpgAcPiOHBBApDkZBAHO2_bkQ0MRH46rNlL_VNZh7MKVKEQNYtasOxnEMuUKzF8/s1600/pong.JPG	/assets/img/2015/09/pong.jpg
https://blogger.googleusercontent.com/img/b/R29vZ2xl/AVvXsEg37ZvYbChRBpkloW20UESjya7Kmc5pUtugqKRMkTmB4OIJq1r_euYxdiS9k4TnTu5glvvwPeqD-osYlA32tolZ7QAiaMLpssfEHfDMwPA37K8QBpnbvRxXMTgW4AFeYunqJHLg5AZjtzis/s1600/learn_raspberry_pi_breadboard-ic.png	/assets/img/2013/12/learn_raspberry_pi_breadboard-ic.png
https://blogger.googleusercontent.com/img/b/R29vZ2xl/AVvXsEg3mItFXuF9t4WiBAJeH9wJtzxgM5d03_qcRVfJ9oyhq7s60PblvwiyixjxEn1sMxWcgo_M-oQ5S_XMuy-hIfEHDyKl6zroRc2_aNeeJjBH8sT_XtdLYt0NhyFP4haQ_dzMzlWfTr7w6QZz/s1600/minecraft-helloworld.jpg	/assets/img/2013/04/minecraft-helloworld.jpg
https://blogger.googleusercontent.com/img/b/R29vZ2xl/AVvXsEg3tFyN3mO2zaYjwwlcOHKwu-ggecdZaSqlta9r_PXCs6rZF69FqPBpJwj42phHIUf5EUb6CS5KqX_Z-is__5TNgfn9Q9I6euhSSZEl8b63VfjXl_JgPJUoUCjAGOpcnxEHRBW4IphS2E3e/s1600/minecraft-trapped.jpg	/assets/img/2013/04/minecraft-trapped.jpg
https://blogger.googleusercontent.com/img/b/R29vZ2xl/AVvXsEg4ttG1_ijuEght36q5RXirwATpuUFSDAvjhTgndIzVxs1eAMgwjKWFndaT0qPluaL4p3m0AP95G1C7CYLH4SnlU2j1WtyNW1DqGAPAaqe7RAaWGmvOBdeOKFTUv1QofBkwQonGYCibn_Xy/s1600/IMG_20150407_224047.jpg	/assets/img/2015/05/img_20150407_224047.jpg
https://blogger.googleusercontent.com/img/b/R29vZ2xl/AVvXsEg5MOpuniZoiCtYas5QP00Wy1V-P4fayxtIt5_YpD4JSYpbZ6e6EYGF2oYKlDmHT5Yz1bzjA4XnalD4qsOnxMJBYHfrxoSEsWnUR5-Ja9dCY_RCBk7Ifiar6ExuRdjFUupzxjbK-QbbyhWB/s1600/2014-07-07_22.20.43.jpg	/assets/img/2014/07/2014-07-07_22.20.43.jpg
https://blogger.googleusercontent.com/img/b/R29vZ2xl/AVvXsEg6t7Xa8hA_Vc9vPSxRga2p5nxLjr_HGRv9M5mtZask7js-Eyo3tPrYW0E3R2LITpZ60ekfwbuJsSiUC2y9DQqRhVQHvMogbhyphenhyphenl_HqX1Ko4nuMSyVzq3mPbVLbHvJXPn-MZSB_dA-e1YIUM/s1600/TvHeadEndEnableAdapter.PNG	/assets/img/2013/03/tvheadendenableadapter.png
https://blogger.googleusercontent.com/img/b/R29vZ2xl/AVvXsEg9ZHm5eCXJYtPkxrKBJUF5Bwx0rvPaFSqRvH2woqnXCvXf4aeZM3xXPtrRzwLDQUGUTAr_dEyW4H3C-rYLZ2PSsviLaNuFQYmYXsS_BBdJJSxBRJKMUirFT2jyoLo_xTHUHkdF13tDH9y2/s1600/minecraft-piano-keys.jpg	/assets/img/2013/06/minecraft-piano-keys.jpg
https://blogger.googleusercontent.com/img/b/R29vZ2xl/AVvXsEgBfKfHJp7xx1rCvdm5B3PSF-_yaelS9PeAxN-un_JHz0CbVzLrTLj3j3qETjFErrVLM3qNdlPkOzyFguA8XXQwYc5YPvMuv52sSyj_BoJoPkC0mLpyc5QNsGnI2xBz7rr-96KPvpWuqik9/s1600/minecraft-hc.PNG	/assets/img/2013/01/minecraft-hc.png
https://blogger.googleusercontent.com/img/b/R29vZ2xl/AVvXsEgC8hdQQyAeH-rjx7S5wTe4BmM9lowQJQDM4A_gakZ57-komAd_f_2l10dMmgFbpRymdO3c-wJsDwzHFa_kuCKmnhtKQdMOgPjVUIlG3VIw3ut0dQ-Yf5Kvam7Q_iukCpHZNMYAVPzkvc9h/s1600/qrcode_crop.jpg	/assets/img/2014/12/qrcode_crop.jpg
https://blogger.googleusercontent.com/img/b/R29vZ2xl/AVvXsEgCgX4RN50KTUWsP66cEwFxcUjA6xxlTKWCJCz6tNTi1joZYZEQWlVsVeSiHVEiLSQ1eWlRh65jpL_ZLjcPlOH5YRFrMlIQuMC9axhx74zEt4FNePMF9eMs3th9HgxqycMijQZyongQQZyS/s1600/i2cdetect.PNG	/assets/img/2014/06/i2cdetect.png
https://blogger.googleusercontent.com/img/b/R29vZ2xl/AVvXsEgFqwrG2-KLh35_DulJlDn8_2-Y_l3ZB93YZ5wcShQlj1LuO0IX7auSCrGhPqGJf-CWI8CpxPRfIuiGB0cDTg_CH4ChktlckkkD-G1cB7l2GOeAi8M6XtDDghuDpi4paSnUo6UaIqupY_Q6/s1600/stripboard2.jpg	/assets/img/2016/01/stripboard2.jpg
https://blogger.googleusercontent.com/img/b/R29vZ2xl/AVvXsEgFwt4znHY-TcZsvUwaLz6HXfSUZXBWJX8RW-Ja5u9gxKhkIhPMClFVcfodgLU4bca8c0qfrOg0FRngy16hK5QZKXqx2HPxB0tDDqHBSU1eTA9mf1Oggg7mff0979oSt03Tfg2231nbPFnO/s1600/xbox+controller.PNG	/assets/img/2014/10/xbox-controller.png
https://blogger.googleusercontent.com/img/b/R29vZ2xl/AVvXsEgHHvFn3GOgghH_3aI-XoVUWZxfcKT1_lGwUo4NfzMFkuCeX3XHxVNWIPYTNT3v0r4648ne49b7czVh2v6hGjB3CWCisKRFpsc6Ju3gfUHjG8_XwR5rVn81ckruy-HHMjZFM2kynkBJHUwX/s1600/stripboard3.JPG	/assets/img/2016/01/stripboard3.jpg
https://blogger.googleusercontent.com/img/b/R29vZ2xl/AVvXsEgHp4JfKGJAMy1Di-lBj5cfhXQ3aA31moaW50_dAXeH6_xaABxgDwv1M2MDHDE8xPx8U90dDMIcebmlJ3KnDKoKWTm2rvqxtoATKKTtOIr116NPxjUFFtv6_uziMo6mLGWaWmednexGopfH/s1600/Bukkit.PNG	/assets/img/2013/06/bukkit.png
https://blogger.googleusercontent.com/img/b/R29vZ2xl/AVvXsEgIjuKsrvTtLG7g5Ttg9jstpHLSSUqYq7od5jUHGrJsLflxMzL-5aJP4BhxoaFjPcQd5GiUGBqFc4dk3qZjDIi-lGFcb-VWQPjcrHtnUG-Z39OGOQQyjxaBVsOTus0p3YXi5kUvXy4IjVG4/s1600/20140101_172353.jpg	/assets/img/2014/01/20140101_172353.jpg
https://blogger.googleusercontent.com/img/b/R29vZ2xl/AVvXsEgJPIq0TFUhhDkuu6Em9p404XYCFAdNqvftAKiYNnVsBJbrWXEZQKhVE1_m9aBWRpnqxJrWgz9FQAFGujehwoVv15dIbOop5MDxXc3fvmcgJYXeHHX9JTE4kCitNdEZodQ1Ece5YKKUgZ7r/s1600/2014-11-24_21.14.04.jpg	/assets/img/2014/11/2014-11-24_21.14.04.jpg
https://blogger.googleusercontent.com/img/b/R29vZ2xl/AVvXsEgJQcJUVV-ZFXY8xwzf6mhbg7-Gvrtpf2ysi15IJfROp5bNb24yO-zaWUboijWvKn2KslvPS29oq59Dvs1x41PTrmM9khIfnUNA1oqm066gMInkJ-_yMSBqpqjZJ5cf3FcOT3W-9iWXswBi/s1600/shuttle.png	/assets/img/2013/03/shuttle.png
https://blogger.googleusercontent.com/img/b/R29vZ2xl/AVvXsEgJWzGuq8HpXgzmpplH-x_Zv_paUncRcTA1PEmpWfPgksyUFl1sbp6CnvyfAeJGh2_r3VT6A0lE0kqHUSX17SPXZIzQKidvXtXLpzJd-NwTFeQ59yo6RFNA82nFCS-kJqF2mf4YqRxevZpS/s1600/IMG_20151126_215812991.jpg	/assets/img/2015/11/img_20151126_215812991.jpg
https://blogger.googleusercontent.com/img/b/R29vZ2xl/AVvXsEgLzrk7gEmxBxeWGoGOF3vN3yASN6-_4bQ0zYy2vVmI_FRQK43dFbNeygxzoMCKWdFgL6XOVeLdBqSOAI1UFxoVQoWLE130Q5Gi5f5LIdGaOELCd2cXUrqI9Klw_xGwRozz3FskPqwlheUF/s1600/RJamYork2.PNG	/assets/img/2013/06/rjamyork2.png
https://blogger.googleusercontent.com/img/b/R29vZ2xl/AVvXsEgM1h4Xus7rUypHlZy64j8ruVOArQrxPFDGhY7dQBno-6Sp8T-SiG8DOwf5UjS-485MGEntD-t_eC-iu0z7q-Gbs-ji7sllkQ_xQiZbyi66L_BdZ-cJwkDALEKHK_8j8LmYsb2cfN-Sj2Xz/s1600/SAM_0874.JPG	/assets/img/2013/04/sam_0874.jpg
https://blogger.googleusercontent.com/img/b/R29vZ2xl/AVvXsEgNrD7jO0PR927rxdd1VfFtfPchsWa7fTkMrRnIFLdaUrbqNijRytqd_K2KJoByDbrMR21F1YhbxUyEHDqm_UpS-swaf-Q5PoY9FXbuN5dCdWimqyS4k8xybkKposirmzVseItCqP548y-X/s1600/EmpireState.JPG	/assets/img/2013/03/empirestate.jpg
https://blogger.googleusercontent.com/img/b/R29vZ2xl/AVvXsEgOQPkTpOxUSFF_z9ttjiblZFDePyVneJ-3-J2h1GE8HIIf0-MPD77VhaZotg3OBn3ODRMkgkPyQD2ZbszEeyK4Z9n3M2ZVTRVWJfX6EJeloxv2yn_1unQqWlpxCnN40-IplC5_c-tDGIwl/s1600/mayhem.JPG	/assets/img/2016/04/mayhem.jpg
https://blogger.googleusercontent.com/img/b/R29vZ2xl/AVvXsEgQgpBMo2Yn7g27-c-_oAIcFrBvS1YphwTi6TOzjuXGLoYFS4gP5OgOyRYEET-5yc4bEws62lGjy3p9vaL5dq2bcycO1dQCKqolL349-2GXvbPpLR22j6lgQD2LXdb6PiPXLn5eSq10sBIV/s1600/EmpireState.JPG	/assets/img/2013/04/empirestate.jpg
https://blogger.googleusercontent.com/img/b/R29vZ2xl/AVvXsEgU1M3cDNnOyMJW-pmX4PUWM7E67bD-YyFwPsW4EN0Eqg42XbU4GVxQiutBdo19NvysLdwcM-u3PmwrctHG6rW4Ato47By04DyXsAa0GE3XWmlObhwqZTeckdafIGEOfwj9HjemXgOHf8aP/s1600/SAM_0860.JPG	/assets/img/2013/03/sam_0860.jpg
https://blogger.googleusercontent.com/img/b/R29vZ2xl/AVvXsEgViL82p7JehkXOh31vEIRqgjS603s6BWTutt7MbSzac5DEgsVEciQ1JC3blZRlyMenVWGP3mTKDAxo6qrT3NfnD8LEoA9A-TmTwFYN8zgNebIvJkcdZqienLEekOU48qpKpYv4hUoPkch0/s1600/animation1529238449.919678.gif	/assets/img/2018/06/animation1529238449.919678.gif
https://blogger.googleusercontent.com/img/b/R29vZ2xl/AVvXsEgVkZCCDkmakBRZtyeKr6b83OHf6KG-AiaJsSAxA7Mp7YGrkaU3xitxH41ZiYnQUIwYsg_m-Meo3WSC-CdDxMlH3X38obd-kqLJjENXabq3LXe5N9yv_1iWRcs-V3h2iH0pW80sUeEBQQMk/s1600/girlsHead.jpg	/assets/img/2013/03/girlshead.jpg
https://blogger.googleusercontent.com/img/b/R29vZ2xl/AVvXsEgWUdIJ0UTCPCVDzdvfizubFLSXpY9NU7RSjEjm6GYcYn2b9buKBP_U1ttGXJsEGT-NeiohB-FWPp1w2ztKB6eTBfok-91ntYIgees4sDxdV-jkEWfLtU7EIpGiBv9wkgo9Itgr4NfI0t_q/s1600/SiteCore-Email.PNG	/assets/img/2013/02/sitecore-email.png
https://blogger.googleusercontent.com/img/b/R29vZ2xl/AVvXsEgXMBgF783WYcMrnHSG8KvEmWwxdniyUZRZ69CMIM7p1usZ1459Et1slshLOV_OeQ-e3ieBSaL038f2OKxibeabqNBTBmN-BAuhyLJuxueBogSKKEROi-h6eIlLzy2lO1S7MXbOnRmHlHgq/s1600/redledsolder.jpg	/assets/img/2016/01/redledsolder.jpg
https://blogger.googleusercontent.com/img/b/R29vZ2xl/AVvXsEgYAXs-dWavrQ7taIjRcO-DZBfnxvUoNlt_rJljbA0R9K7QjtPFHunFYoIa8usz58a9ryefWYfkS9VzTiEg4AU5AY8hQQjt1D3HL1qdFFNn0wnIkgt5L7XDRchUdpsXh0KtVrbN0l8hsCQN/s1600/Screenshot_2015-05-18-14-50-49.png	/assets/img/2015/05/screenshot_2015-05-18-14-50-49.png
https://blogger.googleusercontent.com/img/b/R29vZ2xl/AVvXsEgYe_4oD7mEBezUkW1LvcsVJANUU1vXNXY6_o1CF8KB3iN1cmNSsKSb9Jx1jDcwtdLaCtymYGwqzDE6NJGBOpAPnvPLsB5B-X-hSYnO1BqdyFrmeL9dVwZslBOylDlzml2uoaPTMsONo692/s1600/cookieannouncement.JPG	/assets/img/2015/07/cookieannouncement.jpg
https://blogger.googleusercontent.com/img/b/R29vZ2xl/AVvXsEgYsT97ORlZT0lQOD3R9lciwjQGd8opDquNiWMVqwPuM-EfCSjCGPoRU2WgT_iv4G9Rnb51T_vGN46kl1Cy-UoeJItJr0V-UPhIguuP_-_WRv-y-G8ONr35_4OuQBVS2sQetBujryIPqG2J/s1600/IMG_20150407_093610.jpg	/assets/img/2015/05/img_20150407_093610.jpg
https://blogger.googleusercontent.com/img/b/R29vZ2xl/AVvXsEgYvKUaadpZuQCyD29Czcas-hkBN-BtqxUpW5cvrm99PV68-OeqfDN1BqJPbMI412nv5kKaFnrPLSGE-XIIQIoSgch_OssPsjNLZXQODbgwb-vhgp3TXO7IaLNyiIglzBhw1nAoWTiHCWqK/s1600/TVHeadEndScreen_AddMuex.png	/assets/img/2012/12/tvheadendscreen_addmuex.png
https://blogger.googleusercontent.com/img/b/R29vZ2xl/AVvXsEg_driZXa6Yvk-8cxyZhwhnVxDBVldFSKU7ZbB9VJV4wLT6DCMHO3s6cPA3iyf_lJOG-2_WH3VZnmaGbHfUSBgNgg6jVdLz2fcelH8QjLwDTkB9omOXLD9s8inJEDUVLCGqDduneJ2_rll7/s1600/cookieconsent.JPG	/assets/img/2015/07/cookieconsent.jpg
https://blogger.googleusercontent.com/img/b/R29vZ2xl/AVvXsEgamfgqEoMgiv-gPmXdQSvxCjzIu2742IBgKNq9mLs_QAePBYry9I87hUGB39WDTvKl0ZGDJdaO2Sf6kcahoG4gQvcbfQaFEVpzVitIIGKjMN-gr-QG2WRzquba20c126fvbrJUS9cP4jYj/s1600/MinecraftSpirals3.jpg	/assets/img/2014/05/minecraftspirals3.jpg
https://blogger.googleusercontent.com/img/b/R29vZ2xl/AVvXsEgc47cJ7vDsRoULbnGGF-0GnUUoPzD1eeGJDlicvrmq15rfE28uKpmBsqmo6k-u8tqEDbzGKjNC8BHnhiXNy8fcSF5n2cmO01LghMm4c3ux-gh71T7fAw77qDFPIUI5s14GsNYITwezqKHj/s1600/MinecraftCannon.JPG	/assets/img/2013/04/minecraftcannon.jpg
https://blogger.googleusercontent.com/img/b/R29vZ2xl/AVvXsEgdfBGV8uGo4nzAJxxtoN5AIjPX3owuoIXxqfMAbDqbk1iBJm8SJmFHdwPos4tAM8zKbvw0dN6ZGPumzGyQANt636iwD8u1Ihje9q0Iuaz1V2CMeZDz-BfSIKnTIoavorKU09jSGCWigdHA/s1600/MinecraftSpirals2.jpg	/assets/img/2014/05/minecraftspirals2.jpg
https://blogger.googleusercontent.com/img/b/R29vZ2xl/AVvXsEgfm0PVT__5VIShGgas0dGq-SZzfPGIGLPrG4A1UrxQihFmDBdwsvizUlkttNuewcjuqjGZAgDF0jxy_qwWvX_m0R5zZXlhNWEYF_VsGqugXEBojZs5LHT4QKota_6ti1vAjBj9XlMyEbcV/s1600/2012-05-25+17.29.47.jpg	/assets/img/2012/05/2012-05-25-17.29.47.jpg
https://blogger.googleusercontent.com/img/b/R29vZ2xl/AVvXsEgg8kHe4sg9Ueb-o9_Vfqk1oX1uObHzTJ1osRPMpo0TA7nfr2avTnDUCAnoPU9oT_LTdNhilg6xXwyRHF0ZJ_FbQRt0Y8lujeKPAm-rMcZ22-sghBMiZdGPZPShuCOxgK4fhk0c9g9TRkVP/s1600/ResponsiveDesign-Desktop.png	/assets/img/2012/04/responsivedesign-desktop.png
https://blogger.googleusercontent.com/img/b/R29vZ2xl/AVvXsEggrJ2QN4D6AUzxvUDdrDnVQrvkmj3hNnzcpZkpskxcPuhVi2nLD01T1I6F2RsuZmFFJejaV3yAfx5PXI_UDhBfgC_vgbIbySAzCfOhxxFxOJ7by6LkRjtrYthI0ft-dy1Mceb0Lrh8OA7V/s1600/IMGP6235_crop.JPG	/assets/img/2016/09/imgp6235_crop.jpg
https://blogger.googleusercontent.com/img/b/R29vZ2xl/AVvXsEgifIpdCIP-bmphwdxcls8wHtACHzLQlR_0ruEdJpuaZygG6-k21bZ_Q2JLNeaPoI9dUwoQkdOLvmTt1B5iqQrBHxWid_yteFoBFqGaASuJ0GUdjPBN1lGZAywqVmVf6hS3J3FVCrUPDhTF/s1600/flightlight_bb.png	/assets/img/2015/10/flightlight_bb.png
https://blogger.googleusercontent.com/img/b/R29vZ2xl/AVvXsEglXu-uBYLu3J_9wYXXLwoXxZmRd1-rSKnq4lbIshD14B6xy7nGNahsaKWwEZ7J7afvSIAx49AxUs16BiNyvppHSOf-cqz-zBoojYsoR6TeHq7upmYL0-TwjdvXCdNGJCzL2wEa7L33qmkJ/s1600/7seg_leds.PNG	/assets/img/2017/01/7seg_leds.png
https://blogger.googleusercontent.com/img/b/R29vZ2xl/AVvXsEglhB7tT-eZkde615lTR9q_IWuwg6jR_3OcX76QQ0QulwVSOGjbNJPbc5sbunJs9jIWsMaEmxt3qiOFCAqNQ5MrbZEJA9A0tPOOGaosef728XGqwYIE4nMisG0XzhlL8RgImihVOh0_Ksm1/s1600/IMG_20150321_142753414.jpg	/assets/img/2015/05/img_20150321_142753414.jpg
https://blogger.googleusercontent.com/img/b/R29vZ2xl/AVvXsEglyGxOc4LPurs4e2Jv8O78KIRwRGA_IQUNI9XYCMXmY5ao3r4QJn4opr8legZsGhVjsX4_Pgx3MJTytLHZy0v7fZXAWDQHGzSThH4nRMDq1JsYISv9n0hPX8KBWmLTPkzQ5GKxuc1cBy2k/s1600/ResponsiveDesign-Mobile.png	/assets/img/2012/04/responsivedesign-mobile.png
https://blogger.googleusercontent.com/img/b/R29vZ2xl/AVvXsEgmDmSOfQuGcnhjrEwYks6Pm11U-p5nRWnARxlO20EXxYByoUDubvxpnR5-cESEllK534fZuRbP_vWHRbO4EfcCu22DBJQV-FSVn4oMxD30ni0q8aDXpHxTMOe53vfF6XHVxtTLL8l9Xd5G/s1600/raspberry_pi_UltimateGPSUART_bb.png	/assets/img/2013/09/raspberry_pi_ultimategpsuart_bb.png
https://blogger.googleusercontent.com/img/b/R29vZ2xl/AVvXsEgmzef35o60aEis6v3_u1ex0DXeimX4MaL5qa-VTlv8fdAljvL1QoX_PE3MNDGL-2dplZ8GIdJoLWpEXtuZlmrCnpDfHsBZmFTZ0gwie3lmLl17Sy_f1eG8f3OEXfINavPzC1OSAr_54E8x/s1600/7segment_bb.png	/assets/img/2016/10/7segment_bb.png
https://blogger.googleusercontent.com/img/b/R29vZ2xl/AVvXsEgpTlUnfQjyp4sl7ssOnWuRwU19pV_xYARyRmNJu5R22IH6UOODF7iOTwmeaK7OT7euMrXgIVWRoiZXRuN7AWqu5aAekyC2VTreo4Om6SNUAzgbdTvxBYZFPGEwe3mgpO4-7KWoT5tqg02G/s1600/Prometric.png	/assets/img/2013/02/prometric.png
https://blogger.googleusercontent.com/img/b/R29vZ2xl/AVvXsEgpjwNe6mDRfWQFiV-tegJP-o7JhXjK_qamYs8Qr3XR67IeE2PYOJCd-h_t__tc8ftPze34rRpAmVpnqMq23lwz4-f83ewj_TnNZGKV2CL3tXbnZ2UdqsUOCY8TukJPNrPanQ5Dt3rrsHfq/s1600/IMG_20150518_223918678.jpg	/assets/img/2015/05/img_20150518_223918678.jpg
https://blogger.googleusercontent.com/img/b/R29vZ2xl/AVvXsEgrPYLh-iVQ76ww-JwQQHIGpdo3fSu9je1knrZuvXVxnBURBEOMdffENgK_X2S4MazL-KWojAzeQULRQxkaA_NE9L5Ofw8bprxW5wFczJSkARcFBlYigIlaQwfpksePuVOsLgHoEM5MQP7R/s1600/Minecraft-Bukkit-Clock.PNG	/assets/img/2013/09/minecraft-bukkit-clock.png
https://blogger.googleusercontent.com/img/b/R29vZ2xl/AVvXsEgrT980PXKt9EDC_bqgqnveclsiAMuROX-n4ae3HtWl4R3ov_t4PTj6gG00zdz0_PeV0D2S3aTvqY7ABabikH7JQ1qttPywc4gn7q7WQTg1nHMHHw49zAgmGupvUyKLtOJklpuwOTSiVWGG/s1600/IMGP4584.JPG	/assets/img/2016/01/imgp4584.jpg
https://blogger.googleusercontent.com/img/b/R29vZ2xl/AVvXsEgtF74zSKhW3DuvXp_HElUiCMxuOr6Ne2lAnymogpqgdAJUkRS_8zTsbWhHbYAnASsh_ZowYbM4UiitgrpYemXSdfCS25PcL0xOjINdGXdVB41x-lhkjdbG8YCnGE6jqEizfIM2ggrFQyLS/s1600/8ballmicrobit.JPG	/assets/img/2015/11/8ballmicrobit.jpg
https://blogger.googleusercontent.com/img/b/R29vZ2xl/AVvXsEgtRY8kijxPpDU3vzcQ7AuLrFfaAhSxOfYNYcC0y-vcLyi8UYZOhunQGqqpHbbNykQGHWzTAfO3FrJJfVU8fX0wLGEW9Xv2B1G4FLc7IsFlVuot-Ivz4FfNm1jhNkCz4crwmwnSPeD-7nDj/s1600/7seg_pinouts.png	/assets/img/2016/10/7seg_pinouts.png
https://blogger.googleusercontent.com/img/b/R29vZ2xl/AVvXsEgxZTEVRU3dbQXRTJUNDC4RPLoLkfc9YxA92mzGzYJgZXFjlbsIEmu77y-oFMgHtCl3eR8__eqt2v_RxDqA3kVVknoILwxtiGCMUbZAe2xVjFsDSkrcrwcnaYqXvCLYd7xcYkmi9zUEENyO/s639/Minecraft-SoundEffects.PNG	/assets/img/2013/06/minecraft-soundeffects.png
https://blogger.googleusercontent.com/img/b/R29vZ2xl/AVvXsEgxcSWW0zftQ4IGAIwzPDEY0GQufTiFt2Oq_34KNmNzaX6zKQlWZM84GhSLUYstceOSFmtuv7AzBs-bMxcqT-rSNrEU6pEy8Z8K3JExP-vDSmkTiHoi7joF6gLBdIa28_Fbi58ZbSec1S1m/s1600/20130811_114316.jpg	/assets/img/2013/08/20130811_114316.jpg
https://blogger.googleusercontent.com/img/b/R29vZ2xl/AVvXsEgy9mDEoeRhRnVUM7am2ydq6cmuTjtlISIB7pkAtTgXq7TIT73J_Pl_vYJ9aoh46K05wTtT7sw4JRzf_lZ-k2DR42k-UpRji30JUSIjZquv8Ybdse5hAkbEKs1gKCNvbYf6wehiWpfR-xFq/s1600/2014-06-03_22.16.15.png	/assets/img/2015/01/2014-06-03_22.16.15.png
https://blogger.googleusercontent.com/img/b/R29vZ2xl/AVvXsEh073NzrNZSFnZYIL-vG0kHqH8gx1wzEAUm4PlrOETZCCUR8JtPPfvijfNbO9-eSYwcXhuuhdtLpMahYxY2Zh_KKzipTa3VEEw7CF5vL3V1cFq4XW2KdCq1sjsjLDJ_eDON6f9T_PWER_H7/s1600/initio.jpg	/assets/img/2014/08/initio.jpg
https://blogger.googleusercontent.com/img/b/R29vZ2xl/AVvXsEh5P35Tfz5W6koi32caaszwUAmo3IZ9wBszDeKSwmqDy34f3ZP41pGHhYzSnJvvYHqFc7kTQm_vskFq90UNFafLp2EtaeouLJ1niIyl9vim5nbgA9puvjWmvrMVUvOzN3JBq5B853OvEn7R/s1600/minecraft-diamondfloor.jpg	/assets/img/2013/04/minecraft-diamondfloor.jpg
https://blogger.googleusercontent.com/img/b/R29vZ2xl/AVvXsEh5_xEr9vQroiokyS-sxXbLYhgvDFtGGwG6ShkqIG_XALBWNoOo2narq949USrGifJw327uY855dMyQ8s-bwz6P6Nd-OgWXF5x_oqFD8wASKrsdl7TJhibLOth-qpHYFQ12-cnX5Spq20GF/s1600/IMG_20151111_072831560.jpg	/assets/img/2015/11/img_20151111_072831560.jpg
https://blogger.googleusercontent.com/img/b/R29vZ2xl/AVvXsEh7k9ioAxqjMYpwf080kFkytLG5K1GqzwRNgotlxiI0_jgNXLvMcRrUFWDwjXUbYyqm1qPRyS3-144k01wDgFQ4-FPrB4QLl_HN9tjZ3CuB6m5ZO147lOjwNm0qavovj_PngWUrefhdUGq5/s1600/done.JPG	/assets/img/2015/02/done.jpg
https://blogger.googleusercontent.com/img/b/R29vZ2xl/AVvXsEhAdTt9m91nDisEeZF_BpD7bmFv6NNQIiYzNMfA2N_9XagZk-KkZy_ATPX7Sr580aIH2euJWhbNhyphenhyphen8yDefWxhNvO6XNONdf-D5sNsvI5emzRpr_RkQ_SO9HIRWSXHtuJ9g1ImrC9gTmo_hr/s1600/2013-09-26_22.08.01.png	/assets/img/2013/09/2013-09-26_22.08.01.png
https://blogger.googleusercontent.com/img/b/R29vZ2xl/AVvXsEhCNd4uJX4gkVuuH-0RvNC97Im9mY8RX7xlX8RM1baJzMUGSpIOIyDloGy2l5MJoy-eik1ZJV5OYjQ3IreNbLGgPSVx7nS20VH2hrx8Evt92cGrtgng8pqkVF5nlb17Ko6i35YN-UquxJgU/s1600/carcamgps.jpg	/assets/img/2013/10/carcamgps.jpg
https://blogger.googleusercontent.com/img/b/R29vZ2xl/AVvXsEhCeRwrKTUEjv68EQiIR6MmuHqyOvvI-yoZHxXu5vDHXKNFTQAOcGt34Jfl5ZIga2RZ-jmGni4feDOygqhsZOxDrZqnMpFnAuQtNEzdPIDUD_XXATIslBNmZfNUz8UTWwsOF0sCu7moCdBn/s1600/movember-gadget.png	/assets/img/2012/12/movember-gadget.png
https://blogger.googleusercontent.com/img/b/R29vZ2xl/AVvXsEhIGq3rGuMwR-DXwFALozyjaz7kvFHWeGBueml9iV3fQcj3hmq5fu6aIVG33SWulYjwCAt524XUbzTOqh6UFjt7c1KzNIWQGm1HHfKIrdR8uL3nHDnGVSxjOBSaajh9KnH6R2dfj82-9xq3/s1600/IMG_20150404_145225.jpg	/assets/img/2015/05/img_20150404_145225.jpg
https://blogger.googleusercontent.com/img/b/R29vZ2xl/AVvXsEhIhAOU_CWoCJf8Hyr9TJmCobdlHuL58QjYBo30ftFboeqnOsrLA1DCiKcoMUW3gjKvvbdIhaI-fextwoaB1dr5OqhTlgrSAk5m5nvs1YUyFIFyYjjczPC09nRCw7hsfMjGifzv8GSPbrol/s1600/2013-10-27_20.50.30_crop.png	/assets/img/2013/11/2013-10-27_20.50.30_crop.png
https://blogger.googleusercontent.com/img/b/R29vZ2xl/AVvXsEhMihMzJi-sxT6Tlgy5mj6EFTk1tULe0FiaWA2UlEuM0CxgDGneyptNJCa-JE4InqVmABYUvaGYOlk8iesAlSYmJ2UCOJ4F6Xdgy9zwVxLxbSLDB54rZaQd1O8LH4PZem2DvyOcq9blNQB0/s1600/SAM_0843.JPG	/assets/img/2013/03/sam_0843.jpg
https://blogger.googleusercontent.com/img/b/R29vZ2xl/AVvXsEhQPJjZJJuVP7hQFYt7FZcQHpcIz__tae9gx0AX7XtyTsLaJ9DrezSBUccQsHhfcprTyoOTVEXpkqWebb2tRZ25GwiZi06B80LRSCH3RLcGR5V8Fss3Fu_u60LKZsqKmqp1vSVW9FUtAxL9/s1600/IMG_20170501_174954646_HDR.jpg	/assets/img/2017/05/img_20170501_174954646_hdr.jpg
https://blogger.googleusercontent.com/img/b/R29vZ2xl/AVvXsEhVpI2M9fSs1gdL9bC3gd9G79x4cf-b5vh4mCwYBOdE4XgwuEwprYOsIMJaSuXHWrGuXZgxmnnikyUy3i1zO1O33olgDKUUyPDFggB5FbO86OsDHIB3cE80UbVxtGgvmEreB3JK7Y3x48O9/s1600/SAM_0819.JPG	/assets/img/2013/02/sam_0819.jpg
https://blogger.googleusercontent.com/img/b/R29vZ2xl/AVvXsEhZMUnUdymcbdQDdktSRoSpBvQup0V83yUHEMTDzW6WfdP9Du8OLxv9jkax088PKrb_5xSx6D-8kBylsGvfAlXiUgqm91hTaQmbwO64RxkakRyJ2DF0y2HZYgg1k9LqHN1Ddiw8TDXM4jKQ/s1600/bluedotandroid.png	/assets/img/2017/04/bluedotandroid.png
https://blogger.googleusercontent.com/img/b/R29vZ2xl/AVvXsEhZYWi1qwvqTNfYEGitWut5tncX0y-dPtR_bLY9fzzj9x_Myn6dM2tIJs0EnQy7kkJgHGgv5mB56Go8ZauX2DBW2kWuG6FrqfrtxkV_UEj03pzHPUoBd_lMj9gRukr9Xo0IIdAmZ2XY7Ivo/s1600/astropimc2.png	/assets/img/2015/05/astropimc2.png
https://blogger.googleusercontent.com/img/b/R29vZ2xl/AVvXsEhcSStbgebj8CkqY1VJgE6dw6ysvjVxe18I7bdWTYr2xiJWzrbIq_xNVEV6_iKp3OuYVYtID9zf0EnEbTvH-Qjh_ehLB6MvInJcewLEASWyKu_svBNgIu9pcMy8t9alwn-fY4EG2WEuK0BP/s1600/IMG_20160108_204531426.jpg	/assets/img/2016/01/img_20160108_204531426.jpg
https://blogger.googleusercontent.com/img/b/R29vZ2xl/AVvXsEhdtzR83LLgHx-KrGlGqxOdyExN-HQryHU3jNSpTMqPm09m5-k_hwuQVnOEWIYQmAgiwtVBnGxTRBi6dVlovW2MrUSkMqqzoofGEyhqQLyTmIuz0yQmD079Tw-YVDqawCw2BDxfWdaFUPC5/s1600/TvHeadEndTimeShift.PNG	/assets/img/2013/03/tvheadendtimeshift.png
https://blogger.googleusercontent.com/img/b/R29vZ2xl/AVvXsEhe9dSR4ysGwvr1UChaZr2Djv4E4jg3Y4HC0DhnR904t-Enq8yaGjJ2lJ-HmQQG3mv1qj5OWnu5REKBF3cs77POzb1V1eB-OdjhAghBDIdS0YJVpEVVJtFt6po-9T9M2zje7nAMQIUwdofS/s1600/20140109_112836.jpg	/assets/img/2014/01/20140109_112836.jpg
https://blogger.googleusercontent.com/img/b/R29vZ2xl/AVvXsEheB7Sh3DJqrzl2DX8rKxcCMEnd3LAyuVt_K1mbW3Ne8cqWXopgOlEx5qfEyuEUClVnn8JYUsI04aBKRymFSTCu5gUkX_TTASn5HQNimsYOR6_1IPC9kZ2iyIwVKOwygcTP010Yh-vl4QJc/s1600/Raspi_logo_small.png	/assets/img/2017/03/raspi_logo_small.png
https://blogger.googleusercontent.com/img/b/R29vZ2xl/AVvXsEhffrnRqInCfynAK7OGNxBeenlMlE2QDXg1tJx7qwCyeAv-BJ_AKRDKauAJ_WBRqSfxQIvZ2qZHdP4_u7xViau2zUk5aDIEMmAI5k8LCBDWLjPauPhZ8r5CvxCgYModYMExYBjItF283cSI/s1600/20141218_110520.jpg	/assets/img/2014/12/20141218_110520.jpg
https://blogger.googleusercontent.com/img/b/R29vZ2xl/AVvXsEhfleq2gWZ8P7qhQMjMm3jCskgV4pLPVrGJmeMiAL-MF3k2sA0Zoijx6FhDWMcCaeev0N-biK5zcgUfedXv2THZLb8Ko7Z-WU1Q92k9WL0CUXuX949hjWlnZFAoJcoskoRBPINbaknxZuMJ/s1600/I+am+curious-+Can+someone+recreate+this+-+Imgur.jpg	/assets/img/2013/03/i-am-curious--can-someone-recreate-this---imgur.jpg
https://blogger.googleusercontent.com/img/b/R29vZ2xl/AVvXsEhgRPv_yX2DvhFwEZE6Jn16cEr9Eo9bZZUpKeYl9aryap5OQIeq1ELZ5D9C5dAx-Ex6xGese4EhyphenhyphenWJ1Xp6MTIf0G4kzLQiZVX0ald9knDMJUTI1DG2qCuaTP20PQsOy3pvdDKkpxFSBjDH5/s1600/2014-07-07_21.38.43.jpg	/assets/img/2014/07/2014-07-07_21.38.43.jpg
https://blogger.googleusercontent.com/img/b/R29vZ2xl/AVvXsEhgrr35u511SE3Ckf-2v6A5Fa3A5UCCWib9eUQkxGXQ9uDwqC_g82O0EFTNeuCWB6ZsGGqC9ubL3qXNytVIIZJXppppkkRe-6N2JGaF-dIXWNQKf9zrc6c_AK-vu7I_ZfWCzNh78KESbKEy/s1600/2015-04-02_00.40.25.png	/assets/img/2015/04/2015-04-02_00.40.25.png
https://blogger.googleusercontent.com/img/b/R29vZ2xl/AVvXsEhils3yn6eZ-_W7_CVkJqT3AeBFj_Vd-pQe7FG4tIValAd86HVqJ4HwstW895ZFT3OET2OEkD0XwAYEgDkODZ_Lma4OPm7SYzZMdR7DZCm4n2em-9VrT7ZDctcj7t8kISiXWhQxnErMRam7/s1600/20141218_103130.jpg	/assets/img/2014/12/20141218_103130.jpg
https://blogger.googleusercontent.com/img/b/R29vZ2xl/AVvXsEhjiLsDxAwW5V73nDTiMrU7p2VshKp1yH4Rv3sIH7aksmKrAa5_NJpubJYkfG5PLyJ_gpDSqLyFQWQyT_6gsVzaZCcOU3Kc0W7YUPjV2a9M4jFwq1eW-6r3-k0S-Rb800gGcdY0MKceab1C/s1600/IMG_20150502_095145973_HDR.jpg	/assets/img/2015/05/img_20150502_095145973_hdr.jpg
https://blogger.googleusercontent.com/img/b/R29vZ2xl/AVvXsEhjiimzM5tx6mK9Dr3ElTEhjy4EIvuuvRHr202U__yDyiyKV24lP8nQ4RD_tef_CGt8o1Xz4BpAtfJKz6uLt2mlp_K2hh4BtmMHJdbWY99LqW8xgJT8iMzOzpjI3bPm81wLAtRXH94w5PWr/s1600/wintv+usb+stick.jpg	/assets/img/2013/03/wintv-usb-stick.jpg
https://blogger.googleusercontent.com/img/b/R29vZ2xl/AVvXsEhl3RnTpP7jXNYuII17tA6F26xdGh6mHyYpzOJ2s0MvPjZK_8XgLAizSOxAhv1EKJn-BbuYnC3nJO6qW5rGPhU3QN2ci9HmEfGG4Kmng6EELR5-RGhPnxbHjt-2ebUJiif-HfYJhCBXxswT/s1600/SAM_0872.JPG	/assets/img/2013/04/sam_0872.jpg
https://blogger.googleusercontent.com/img/b/R29vZ2xl/AVvXsEhmLxG6GPXSQyzFFH666ThImQR5ntxzwzw4e4xkJ2nWArg8ovpYD8wYjeCsp1DitPKcZRirxJCdkItELfPs5Cs-4nJE1Zp0zIGmFjfXG-wIOpRGPjZah33BimsqvCzAPnLR765D2Q2X_g_6/s1600/7segment.jpg	/assets/img/2016/10/7segment.jpg
https://blogger.googleusercontent.com/img/b/R29vZ2xl/AVvXsEhnPCkdhfoffuwipzx2VO7gR5kRnrBm4pe-7k_Rina8xpszVrBEz7JuRjIm6sA2gh53Omd9JZvEOSpUp-scy2tunBiz0y9EyiczSLjEmzVPvA78wvyBQCH-Xh82Kdd2BbNAQnPcJyyj4rzz/s1600/AddMuxDialogue_complete.png	/assets/img/2012/12/addmuxdialogue_complete.png
https://blogger.googleusercontent.com/img/b/R29vZ2xl/AVvXsEhnbTdFIFYAVsnJt5jMDETAewS3A4hS4ggTWtGuBGtgu2FACiuJDyM7uoiIjCRf-qOa4SMbS44nyQKKfxMaxHuTkqvID7rCA9Yw4kvfuUU5FRy4gF9JojPYH__WIGY0MuaOtZzZmHiqFD8Z/s1600/MinecraftSpirals.jpg	/assets/img/2014/05/minecraftspirals.jpg
https://blogger.googleusercontent.com/img/b/R29vZ2xl/AVvXsEhoIBYDUzXpAgy5XGUUfjrFCSt3zFXnLkaLNAZxVRvGXMjZ-0M2YPpyQkqUIV8j7Zec0o9-njaA61SmWXgpzYsHyt5PORODMGnvUOrDqe2LexulHld_ay1ZNgSzmW8O2wQpxqoF3qI1NjfP/s1600/iPlayer+-+personal+Podcast.png	/assets/img/2012/06/iplayer---personal-podcast.png
https://blogger.googleusercontent.com/img/b/R29vZ2xl/AVvXsEhoLAdHZ6G8FHkOcMzow6XrMxeZ1Lm0hl8Db5a4xyqhbO9UYbj8mHCo1ghv_Sb0DcB4nAg8CL_4uvLnmq9UNGzan89ft5HgRqwAtaD4uhp_SrPMqXzVHPjKiJPB-egPNEmCgJR4Voo6lyLa/s1600/minecraft-twitter.JPG	/assets/img/2013/08/minecraft-twitter.jpg
https://blogger.googleusercontent.com/img/b/R29vZ2xl/AVvXsEhr6Fv89Hs-K4zsNFCUxZoCA_T3iCsAGr1OfD9Xus_cluz4tuOatKJ74iwP_wN-v4hz6cppNGJ1wNQNe4HG-rH-LYbT072s88yqlNILlzoNVWR5koJPLagg8Y5tApkJwQxPAgJ5mPAGJCEV/s1600/soldertopi2.JPG	/assets/img/2016/01/soldertopi2.jpg
https://blogger.googleusercontent.com/img/b/R29vZ2xl/AVvXsEhrSxbrEQomzqtagdfEwi5oRs95vnCTAB1w4NqcnOPFoxSMwL-KuO1jFzHx4ii_1xMTheUEfLbHK5dtwmvgB5P9UFlIoHFtwi8Rl0p0ZZ_GVqCr8_s2aE5o1SrGz7H_L5zpPI4cJz0neD8y/s1600/20141113_164605.jpg	/assets/img/2014/11/20141113_164605.jpg
https://blogger.googleusercontent.com/img/b/R29vZ2xl/AVvXsEhtEYw-XuoH1UROiSCo0vF1fK7K_uhlVKlzSlJ5IsJpK8d5buVfu7y5ddRL7ku_BzY-kGHlJlh6N_eZyWO933GryHqG0pZYjaqVVHwSqcfe3rfwLjFiVZTA7lEhQSbLtIumCWng7HTGfiVz/s1600/gaming_secure_pam8302.jpg	/assets/img/2016/01/gaming_secure_pam8302.jpg
https://blogger.googleusercontent.com/img/b/R29vZ2xl/AVvXsEhthF-8qKtk5FeRTffIhkeroBjymtpa149TZ9SDYwdLeKLjee2-lG5CbCjMAKeBUNHtn5NNp5_CPNVVk2_YjPhvQQCeWSytqFDiq8Hu4qZZwtgU8pMyBaybiAmCCVUvWBDTtsUSK8_rlzCH/s1600/ky040.JPG	/assets/img/2015/05/ky040.jpg
https://blogger.googleusercontent.com/img/b/R29vZ2xl/AVvXsEhvB8GWKlYtNhR2qb4seowjIOlBzOHdWiKTfO6Buea1oMMR5mGQ3LOx1QMNeMOCk045UjODKs1YjgEHysBcnE0LX0PYUc1ZsQVMA5zyt2P1heILtY9hDSXYRso_889X7OUzxDxzhYbHDocP/s1600/SAM_0857.JPG	/assets/img/2013/03/sam_0857.jpg
https://blogger.googleusercontent.com/img/b/R29vZ2xl/AVvXsEhvJ7SEa6OnaKUDMo_WtW9IIJx66-AvpsN497UcnbHowv-V-xTvpMay7peq9WxHg9ZkRA7FKUd0TK2ityOGsX3uqtVwetMtblGqhEE_nqEpHV8wrlRO9RpPVdYCY8NgER8YDXqpac67a96O/s1600/12039693_10205647410799461_8669976234796368359_n.jpg	/assets/img/2015/09/12039693_10205647410799461_8669976234796368359_n.jpg
https://blogger.googleusercontent.com/img/b/R29vZ2xl/AVvXsEhxzlsxJjOhEshwy5s6CwRJI6F-7LK7YwcusX6fzP0zGkcqRulM1KyP0_xTUBIa_A-6-ySF_9XRaNJFcwFZBxvSg6gN7anJ2VYiHLnym9ENhmH1zsriF0X7Zhf0vd67EQDb2sxwUAhwNAK9/s1600/minecraft-snake.jpg	/assets/img/2013/03/minecraft-snake.jpg
https://blogger.googleusercontent.com/img/b/R29vZ2xl/AVvXsEhzGNpZCa9bkIXu_tqrGj2Mb-QsMX4WmyezYlmosrsEFOPNt4IfuqdDbQh_K2vi8A3VHiDWiS8kliTsLuVLfJkl55_DGVKm9iKb9C_MvfT__LKwQVLxvuRhBftHTvLK09SW7_Yh91lkVEm4/s1600/SAM_0856.JPG	/assets/img/2013/03/sam_0856.jpg
https://blogger.googleusercontent.com/img/b/R29vZ2xl/AVvXsEi-pU4bBghlK4SuJV1BMQ_zyZPJD99U9p6wHRV4BRfvK7UAtA0mHF_ioaxD0bgbaSDHLyhB3b_hfEmSUu8D17SDxnrHEyZU_xfDWirAlVKNQvgnRGFqLdO9i_2Aoc_KZhR_oP9ag6Kuu_P5/s1600/NY_LIL.png	/assets/img/2013/03/ny_lil.png
https://blogger.googleusercontent.com/img/b/R29vZ2xl/AVvXsEi0r77ohRBN5ePbD3epllpKzjFIIHARp_IkYWOgGynqsnM5ribSXaVho3oaLSJJxaEfvQO8NoZCsfIGSTOQeDVYY7THlezDSh-vPAquAlj1oGKiTyVj8r__bftAyTAkO3086Gun4KCVTu-8/s1600/commandlineslack2.png	/assets/img/2017/11/commandlineslack2.png
https://blogger.googleusercontent.com/img/b/R29vZ2xl/AVvXsEi17gmYrCCDacwPzpH85bwvm9FPPORdbbw8g4wT9no1-VSHk_5js6CxyrGSEKJQSdTZ7ZYUG7JzthUSy3yTMcQh-giHfJqNBnobuqFBecVNHnWa5_tCxtFnlpcrNK6zC8bpTR16nYmrNgNN/s1600/microbitpiport.JPG	/assets/img/2016/03/microbitpiport.jpg
https://blogger.googleusercontent.com/img/b/R29vZ2xl/AVvXsEi1GzNiMoCNBXlnH81w-AaEVCl4_F4GIX6SvmlI9RInRRFuv-vZBFKuq3gQa6LCI7ibEDCmUyPMoOvHzwCpXXS34VxWv5JrM9mpgJVwzV4vsdKWBEBknfEBmEunL171VPEOX5jhgy72dwY0/s1600/IMGP4581.JPG	/assets/img/2016/01/imgp4581.jpg
https://blogger.googleusercontent.com/img/b/R29vZ2xl/AVvXsEi281WrLdy7IY3B6nV0shbkVJAfEfrxoR9Sv3KYQaOoa2fshyY-qAzUBwdR_O-Hh14-MjU8DPNO4F4I9VUtz1L35vIHKJtcIt62U90lZNQj7pj-JkR7FAVlMgp60P9YTI_D4r7930KEdir1/s1600/2013_03_24_IMG_1453-1024.jpg	/assets/img/2014/06/2013_03_24_img_1453-1024.jpg
https://blogger.googleusercontent.com/img/b/R29vZ2xl/AVvXsEi2TcxhKSM6VCFe-ViWnEkdAiGq-6vs7xvaWwZn3pC16IUg0zJeFrGnyBgoIrLqqWdZPPINm75NY6jkXZXEZAXj_gT4yKp4L7FClHZU5fAI38Mv07Rr6tv8bfWcOAofnHIber_XnzE_D2Ie/s1600/SAM_0845.JPG	/assets/img/2013/03/sam_0845.jpg
https://blogger.googleusercontent.com/img/b/R29vZ2xl/AVvXsEi3g3t8mTunHz8E7KDTs1SCyBsmLAYq-81ArPmRAkxgU30unjqrFpClvk3UTj4zs4W_u4-IkiVAOSSM9PUhSZLhL62mwQxD7D6lub_aWd4SomMgApludPT73Le82i9RXc7lzaBrgirV_xPQ/s1600/soldertopi.JPG	/assets/img/2016/01/soldertopi.jpg
https://blogger.googleusercontent.com/img/b/R29vZ2xl/AVvXsEi5TLzc1oscHZW9YXyyCO7VyTOQj6SJrvzkiyInC6mJCZ-MoZ9hTimDhQIkG-yOTp8bAfwob4-JPgR_p1m9ItkoQXdEKc0rG3QNPZoFAf9Xi6ic9DwFzEYNig4LM4WZt02Gn__KC5f-qEOd/s1600/2013-10-27_17.54.40.png	/assets/img/2013/11/2013-10-27_17.54.40.png
https://blogger.googleusercontent.com/img/b/R29vZ2xl/AVvXsEi6Rc70Dvq-t3g-cc6ExTEAqx9T2T71ZJ-4_Qg2xjZ94W8TNF1oHpFvFY4stvb-b8UX01Fzu8TVqNjUtxhDey1fixdp6kab4dJIp317zb929pUb1qzCwGc_4rDILP5lGcNBxHJNfH_js9mY/s1600/IMG_20160325_175730786_HDR.jpg	/assets/img/2016/03/img_20160325_175730786_hdr.jpg
https://blogger.googleusercontent.com/img/b/R29vZ2xl/AVvXsEi84ZESNeGAaxCNN9EJrMb14oL6bqq7UPoPY-XuSWSX02_OqHHo4JqSJAS4pqMmddTkN8g2gFUtBOWe0ALfvcAzuoCAGW7RvWML1zSm49SftoFkPi6beP_qT0Gr7qibtzY3LsOZ0xCDbaKa/s1600/skyscraper.png	/assets/img/2013/03/skyscraper.png
https://blogger.googleusercontent.com/img/b/R29vZ2xl/AVvXsEi9Vh60ArS8AhuEfI2fkKoeGeMRF-aOmztHdb33OT9uEQ9TpgSsZwyOZvIVhtiEVADxFhjHqpmSfFtv6izLZG-2krnyMwZUYn9CwVanXQa40yuFtCxfYf0CJE80H7A5x05uz_f9SFNPOqv0/s1600/CeLdEExWoAAkUWQ.jpg	/assets/img/2016/03/celdeexwoaakuwq.jpg
https://blogger.googleusercontent.com/img/b/R29vZ2xl/AVvXsEiB-Q1ZEoUYuO2uzNPzJeIGNreGxNldVYxJZO0WcCq_08JrUXxQXIbndALypahOHN_QjNYsT67cTy60kkm8FMxbz8Dovpi774JAo6jAHGsj8OQdNQEI7xubC99BqWZyqGxJp93p-5aRL_ic/s1600/20131031_194948.jpg	/assets/img/2013/10/20131031_194948.jpg
https://blogger.googleusercontent.com/img/b/R29vZ2xl/AVvXsEiBDTR4heHN_euScrxvoQOLZNi1BSr8ArBGj1Rz1g6YaUwd_8mrB-nouwFnyZOkzknryBX82iszKaAc5Ak4vyxDgVLBptzg5VqCfuUICdBb_G09o10ugNTkGVjPRJy3qTc0W8Qb7wbhw6fy/s1600/movember-html-gadget.png	/assets/img/2012/12/movember-html-gadget.png
https://blogger.googleusercontent.com/img/b/R29vZ2xl/AVvXsEiEQjSUPWAIWUd3fLfwWAlRQf1GWjQ-LagPJaxJOIM6LRCB2GtempGvadF8xZgBnmzAnGNxxCUhMx8SkI0VLa1jQzrapBF0qYtibOK_ts58n_t1fDaJ_STHLHmu8JvHX7y3e3fY2paHsTVd/s1600/Df5PZAGXUAA3IM7.jpg	/assets/img/2018/06/df5pzagxuaa3im7.jpg
https://blogger.googleusercontent.com/img/b/R29vZ2xl/AVvXsEiHOfbEzo90MHUdUkOLGQJEghdkvBfjDz7gte0NnbQY0Zxp6Cms-4OS3oa-WuWzFoKQ9s_DyOD1W3LXJ_m9xtNis32nsTZb6DqOYNeHkxAQODsn5w4aqeA7jRbFxAOBkRDetX_22dD5zK3E/s1600/astropi.jpg	/assets/img/2015/05/astropi.jpg
https://blogger.googleusercontent.com/img/b/R29vZ2xl/AVvXsEiIEZx4xXURVg1q0cw418oUSqUozQZGP4gNs2eyN40gue1ltBDJwH3AbhRt6BqAuWx_9ZMr0_4XUpsVho9Vxe1_XiNeg5iiUpz-OhTQp66F4fVKK2PIlNFRfFxnnxiXUtvOuHOOeiX_chDf/s1600/tempsensor.JPG	/assets/img/2013/12/tempsensor.jpg
https://blogger.googleusercontent.com/img/b/R29vZ2xl/AVvXsEiJFINkgS-NnKjcrthr4JbDes4sMWei1nGLTmusha2nG3eJlyY6TPt5ZDKjiN-4ARSp4Sb_5o7eS_VSpYPk9JTG2DxFQlNaOEX-cWXh6E6zMOzf-YJwwJRTBOouCgz8OMMfvLzx6rXJfqjZ/s1600/gps_client.PNG	/assets/img/2013/09/gps_client.png
https://blogger.googleusercontent.com/img/b/R29vZ2xl/AVvXsEiJW5nz2PKlpXU4kLVNUqVE-oZTI5WciS39z1KlqXkiUUmlOcYBTxZoxURpf2qSisUHQI8Ci32bG12Dolf_MA0zHgpIGB8PKW5iVlvskBakkQqGizRSNRDLo_dhFqMmTrUuEVY4BKFY1IUV/s1600/BMgF62GCcAAezaZ.jpg	/assets/img/2013/06/bmgf62gccaaezaz.jpg
https://blogger.googleusercontent.com/img/b/R29vZ2xl/AVvXsEiJoZK3Ioa9ZRXdyQts2-Q33P6lI8HVPGXIgHG7Kipc_FGa6cXYWo27VaDwtusFIb3CWahqdaklvp1wt6THXJyv0Ih0OuXUuFolXtYt7c0EtZYCTSARecMrCkOCl4A1DSKbQ9S6hfx6aUnS/s1600/20130623_220542.jpg	/assets/img/2013/03/20130623_220542.jpg
https://blogger.googleusercontent.com/img/b/R29vZ2xl/AVvXsEiKvt05qD3CTmGkHEwF6agy2kCV19dN4GG_N-3bDM2gaA-ad_cHhoNr3Okn_Xn-q8nJzUEmOH5Pi3p9_4Wi9KTk5u84WfHv-47yo2DgrJM5hAtmoFjMy6m-hkt7Zzdii1KhvcvUw5aecbHz/s1600/mbhappy.png	/assets/img/2016/09/mbhappy.png
https://blogger.googleusercontent.com/img/b/R29vZ2xl/AVvXsEiLZYHgcFTRoTEjfwiAE-80qfR0h6W0sNFH0p5aIU7h93DPRFj0QkXlTkw90mssKaWxg-z9OUKA4wXl4oNFsUqJd7dTdiI0RrVGDaND_A04V9C30bYPkU4jTBg7jzlEQyxc1fJdPtAO8PTQ/s1600/20130716_145945.jpg	/assets/img/2013/07/20130716_145945.jpg
https://blogger.googleusercontent.com/img/b/R29vZ2xl/AVvXsEiN9u7naf9lRWlcwQLv-uECdP7lBQmlBHmh361vYo_pA2L-c6r3UH_y3XxUjX0HijB2gHy22opT0MrhXeepGEAtN-EdLGkwIr0rqdsCUhar76bOw21YDb-ca4pKhTKA6fMBjAq2_9sC4i1V/s1600/20131228_172940.jpg	/assets/img/2014/01/20131228_172940.jpg
https://blogger.googleusercontent.com/img/b/R29vZ2xl/AVvXsEiO2IFhCscYG4wOvMGWykXUg6Eoa6w9WNMMwSqddtbX0oY7d2ZCaVXbR_ZBT4SYYAFpxBrclMx6s8YLI4a07uYSuLtXZUXtR3Xq1_cr5PPN1rOj0x4DdraywmhAjLmw2gc_UhRNOxqOGFlZ/s1600/cessna.png	/assets/img/2013/03/cessna.png
https://blogger.googleusercontent.com/img/b/R29vZ2xl/AVvXsEiOJFiCAXmDMUXepJTs9FCVJuXk59tLGYR61-sY2lgxqzCaF_ES4TDx2f0oo577dGdNkDNenuHKsy1eM0V1nU_kbf1JZluxNpwzBAyczLGq8AIxOpP7yMZOWPQb_sqa5MUfKveX4TWoV0eG/s1600/SAM_0879.JPG	/assets/img/2013/05/sam_0879.jpg
https://blogger.googleusercontent.com/img/b/R29vZ2xl/AVvXsEiPr34yaLp8BynYyg915kcfG4048idtoiZ1hgMItYfZgoNIg5NoqltJAJ8_pKUZQm34VGG9pjjddhxhbhjEoTSr7l4kZKGAxpPV-4nyg3XRLeI02aU002OjLzyc7SzSwKQoWSJsaTB51hFx/s1600/redledsolderpoint.jpg	/assets/img/2016/01/redledsolderpoint.jpg
https://blogger.googleusercontent.com/img/b/R29vZ2xl/AVvXsEiQDcm5p3ehRtXzvtFvqaPxIe0Nd19Z3qTmdhtOFGAmIOmbj_br4pwkaaWyoZXAL-kfDaXyEEpPirPkBCwJwMXlwAU9uH-xDMGr4trvigKSiI_DrHugW3wvScyQT6F5CGU6ClwWJCKAjaaV/s1600/AstroPiRainbow.JPG	/assets/img/2015/05/astropirainbow.jpg
https://blogger.googleusercontent.com/img/b/R29vZ2xl/AVvXsEiRwvBqDDGceaxSynRUnqHQ_cUstv3m5B1ZDZMD6kPF2i88mFOw0TSsh8Dh1F0HlvBYqvXYc1xDsSRluEeK5KKkI_N4iPdn_-Y_WocKZv9WUgbYHrYYaFV-8qKlWg9oSxLE_tf72y9x8MO9/s1600/IMG_20150321_143647162.jpg	/assets/img/2015/05/img_20150321_143647162.jpg
https://blogger.googleusercontent.com/img/b/R29vZ2xl/AVvXsEiUElrXPnbblONvCCD6FnN1gj6b2rzCEw5hO97VbmlUCtZALBVAvPA7ZGfNdFW542ckbi3wTv6Ckx4nlJH6HcbGCFnAo4PBSr5axHGJpbEmr2BYKB26UPWYDBiT6J61vr5NXNKjEvlQoI-4/s1600/Cover.PNG	/assets/img/2014/11/cover.png
https://blogger.googleusercontent.com/img/b/R29vZ2xl/AVvXsEiWlhHccGruG13ulyTfeNRY7gFnQu2LjtMhp_rCQmwRB2flQi7He1cC-HDHf4Hsu0SBoxgOhMfsClv_8_wNPBDnLCquTo_aRYYwiGJpb15vvk1sJaTD_qtWZmYBZbZmutX0XUw4qskGQz5t/s1600/ky040.JPG	/assets/img/2015/05/ky040-2.jpg
https://blogger.googleusercontent.com/img/b/R29vZ2xl/AVvXsEi_9m3sXA1jQ5ONSlPPZNPrSXImrIATXMPh3Mr9pUcK9TQi-iW6xwWeBrCe-ma05vv2De7jAMMX6-LWovvEkOUwJU5-SIBbKyGjQEuTsC4v8bRmntOIMcGoD_6Zxn46Mx-tCHWJu2yT7HxX/s1600/2015-02-03_21.16.37.jpg	/assets/img/2015/02/2015-02-03_21.16.37.jpg
https://blogger.googleusercontent.com/img/b/R29vZ2xl/AVvXsEi_xAsfJGnKqsfnYuWa20LGqoe6taU7AmiqQa73G9-dJNOGoc-IdJDQaKL_FjCJdSufFQtTIFu_QmZAVUoqnuoHfvjtWYNgFl0PTu4_4kD-cL7Y55jGF46TGLO9n_22BXRCAJKfHkHuKp62/s1600/20140126_222809-1.jpg	/assets/img/2014/01/20140126_222809-1.jpg
https://blogger.googleusercontent.com/img/b/R29vZ2xl/AVvXsEiaufHWCGzwr6W5YA8mF5bU8fuL7TgWTukq6qirACfpjy4OileqQUJwgL1mdYK0fDKPnUgeKkM6hq01sprPudBFae3qC7gVxZjll4chObXR5g_cPNQ9GUTaFR4nIonMB7zFfB-C0Xq-mQ8R/s1600/Mayhem2pg.jpg	/assets/img/2016/06/mayhem2pg.jpg
https://blogger.googleusercontent.com/img/b/R29vZ2xl/AVvXsEidA8usVGBh475nn542KeZ7uFmv8597eJgrTiB4I4pHFafrIqxjmEkASJ0IBOD8io_bhM_eGoFqTkXeivqIVT07n2OdKbIVh8HS9oTb3_W3HQyYsIxwkJyQgglFbtFDIeilEeQZ07-mOgoM/s1600/IMG_20150412_160030895_HDR.jpg	/assets/img/2015/05/img_20150412_160030895_hdr.jpg
https://blogger.googleusercontent.com/img/b/R29vZ2xl/AVvXsEidPuSmn6lZl0L223v0pS4Ak-8_KF_P84mUr8OZ9uUtEgOy0kpeE3QyuLE5cCh0w3xjUvIU0ZODzvukvUuiGm54vwhbyKTUob4tvBvbrUKWori0phL-d0zVnbX5jSyiNqZmQ7VH4S8E2GNu/s1600/20140107_214450.jpg	/assets/img/2014/01/20140107_214450.jpg
https://blogger.googleusercontent.com/img/b/R29vZ2xl/AVvXsEifzsxsCWbYSEuvqdhO1uLWE3eUZvZrnE3I0mc3gKbwEAwubDuQsksUkW31ITPtfWX6EYLX2CpEvQI9TAzxH4Gk3R0rTEM8JCTg_mMxZJCUCyHt-Sqg71iT7xkFqmhE_YmGz5kS-tkLfvm6/s1600/usb+obd.jpg	/assets/img/2013/07/usb-obd.jpg
https://blogger.googleusercontent.com/img/b/R29vZ2xl/AVvXsEihu-X3AHrtGZ5Aqdqx63jkcLH3oG_hcCAzlymXr0-nIwrTmn3IjlkZMSIGP05hdBUutK2S6DboTweCBklzRmg_vazuyASATXR2AqzsCEhEZOZKKEoEYcDdcS2DqT3Z9ccWocZS6NsSdIfL/s1600/radar.jpg	/assets/img/2015/11/radar.jpg
https://blogger.googleusercontent.com/img/b/R29vZ2xl/AVvXsEiiZ0eiK61hlzGvZlEQU84jqy1pAO8Ic9oQpcaTYYba0MDLNVCFoOf_bNw1lOHjtFM6n5FYAdCt61gxBvm9cUitiIYJWaqSPzcSEfpo5NvTIFqGXjo9DtPrzD1uqMXT6MPOJC6YReX06dvH/s1600/SAM_0901.JPG	/assets/img/2013/05/sam_0901.jpg
https://blogger.googleusercontent.com/img/b/R29vZ2xl/AVvXsEij0gCR2OJw4yaHiAZbqPkOQY4qIR9KoGNuD7s938dW5Exttn2EwVx-Z-s7UevnWUmDvq_1c4z2fjV7-4NSJzDCVg0NJ_9bCjECiCrSqM9_mjGanTtbTa1kyrTRUWPGM5UZSPt1HFYT8xOs/s1600/20141223_195203.jpg	/assets/img/2014/12/20141223_195203.jpg
https://blogger.googleusercontent.com/img/b/R29vZ2xl/AVvXsEijVsHp8y0WGecogF4WZ65L5mnan9xF4gSNy0eGVjsPVshS17fCfsgENb08rpBTaYI47Ur4h1Sh_dBc5jfHVzqWxeh18XLQ2wbFbh9VSZozZHD5LlQEXEbS5hUXZtINAq-W3e5yELA6k-o1/s1600/ADXL345.PNG	/assets/img/2014/06/adxl345.png
https://blogger.googleusercontent.com/img/b/R29vZ2xl/AVvXsEilXC_hlqaDhqWwlL3SH40ZoqiZ9OCYAkU6Bh2qGwjYKS8j_FokZVq5KkN2zWj-1i2RoC6cw0WQUrDPyMKH9zKHNETECSSnSY-XsFioJR0BAd7BfNyNcYkYS8a5DAoy61E0N7eJULP8wYCX/s1600/ThatsNoMoon.JPG	/assets/img/2015/03/thatsnomoon.jpg
https://blogger.googleusercontent.com/img/b/R29vZ2xl/AVvXsEilkO_2YRsyKaZw9s61g607hCqTmD-o-hO3rXP18VSL-hbogpStz-TdyJ8sQT3S2ph11Zv9K7Eni4_IdSxqusuaBRRQC6KLRNzi17wCQDJbc_-UKOKjk7sod0-hBK-XJKz1VsVfmK9RGfbR/s1600/NY_LIL.png	/assets/img/2013/04/ny_lil.png
https://blogger.googleusercontent.com/img/b/R29vZ2xl/AVvXsEilpmglMUOdwHlqMN-TDJ6Es75q4UXIuHpS5aESan_ZTidJtXRwf5T6ABpuiV9tZRQXZokAgaE5RrO360VVRovaTuhg_d3wOGjbhmcPR8sjdi1faESDUT7buhym-CWG69EkvE3nf4whfHcp/s1600/20131031_001229.jpg	/assets/img/2013/10/20131031_001229.jpg
https://blogger.googleusercontent.com/img/b/R29vZ2xl/AVvXsEilvnIhttEMW9hP5PUCPiCpLQCsfMWkzl-qu9tv_JRBE8P3l_vUeVe08nXFF-_hej1ZZ8KrYd8VV22BxRe7r4H_oNYidNOlls-zAkmsUN0OQB7cFTCMQ8HnZC1Jv248oYZ0Md_C-qTrZDws/s1600/ezgif.com-optimize.gif	/assets/img/2016/09/ezgif.com-optimize.gif
https://blogger.googleusercontent.com/img/b/R29vZ2xl/AVvXsEim1zWquchE9PDBAqpdxfm8JWCxN0kYNHHN0ixy1aP1Sk031w2jitB-9dZ88Ly9QCorH7lUXUYpG03uvayd8B-HkxVjvdHRchmL7_oBeQ-y1WwvpZLKwMJ1GWQxa0WIx3zAEc0YmmF8V8GP/s1600/Minecraft-Bukkit-Clock.PNG	/assets/img/2013/06/minecraft-bukkit-clock.png
https://blogger.googleusercontent.com/img/b/R29vZ2xl/AVvXsEinYYDYS50wROQVd2lqegRq-iCzfD3tI8dYgMIQAczVepr6RkQ1SuOfoi5swEMHMogVc_gmVHc-EtqXqL5RSDQr697J0un8MBtyHlUTx6iVoLxR6H3IiL9mQNEMxvYQP0yI-WD7UBRIZHeo/s1600/20130608_102743.jpg	/assets/img/2013/06/20130608_102743.jpg
https://blogger.googleusercontent.com/img/b/R29vZ2xl/AVvXsEinuOKdGnoEFnb4XvCdOO5RL2w-dP93vb38QhxrksGxUIvo-mmucizBJQFIRkSTYsSAn7vlvFgT26rAKy1GcRrs4rivr1zc2dEe76lHX1GyAZv5g2Tz0J78NHKYT1z01vB2CajWw_tX9bLX/s1600/IMG_20150406_093636146.jpg	/assets/img/2015/05/img_20150406_093636146.jpg
https://blogger.googleusercontent.com/img/b/R29vZ2xl/AVvXsEiriwP4sPNeMiXfEw6ICdNkVT2ouv40bpsx8urxp_bG1lZooTmqKCbCAkhUh_N0o-RrzKZMJXjgXcCbzacRHSJcr_H0YWrhKEA3SK9hlubBbTV1StZG9iJgUwxHYQQEvZT0HoC84pt5q1Q8/s1600/2015-02-20_22.00.31.png	/assets/img/2015/02/2015-02-20_22.00.31.png
https://blogger.googleusercontent.com/img/b/R29vZ2xl/AVvXsEirrn9nISmpH66euyn1Idp03B0dxv4bVYhyFeT6aslvc99J6kGQGl5MguUWqQamKhVKeJbtBstJfERHDKNCDIKlTP3q6t0Sx90nLBR38zdy2M-afvRUbzYGjTINYGweIMNcn_8yh2KKXyqY/s1600/cookieconsentnew.JPG	/assets/img/2015/07/cookieconsentnew.jpg
https://blogger.googleusercontent.com/img/b/R29vZ2xl/AVvXsEis7Nf67rFTXE37XWRJURAvxkMN2xU_4ADLu1OerWVWaHnm1w8U1VDb9aE_mrYd7zYj2BQsle41fXAC3tJgLUlMaZ2AhfiekcladB6eAC60_MkILzvR2YFwjHNn3gjB4OVgXu_rvoNjGeGb/s1600/IMG_20150331_223708976.jpg	/assets/img/2015/05/img_20150331_223708976.jpg
https://blogger.googleusercontent.com/img/b/R29vZ2xl/AVvXsEisQE4Luavi68aE4YcCxw1Q2JoNKtuiCLe2pyWD5fHfWp4vE5N35rVeeIKWWdfb1HIar3wgoh77F3nbh0QgpCCDKk4o6KdMi6WHIZywC2Gc9PXcSPq1cTZZUVGNGfBtIfzh5tgSTK8FR_1L/s1600/Oracle-Email.PNG	/assets/img/2013/02/oracle-email.png
https://blogger.googleusercontent.com/img/b/R29vZ2xl/AVvXsEisv71yKZDvJWG8yAnj1lC7832_3hBWpdx1UYc3JsZxV6zqnXG9SzQozvpvbtfAug3A2Zobteag4X4wY2we3BbJhZ-9luNtnyHCRb4nuAiMZ8FvWVNuhTseYQ7eCN0g-XHQI9PzCiYgA_tc/s1600/CanarymodStartup.PNG	/assets/img/2014/10/canarymodstartup.png
https://blogger.googleusercontent.com/img/b/R29vZ2xl/AVvXsEitAd-lR3RbZWl6r9HLHuyamSxsFAznbn9W753kD8dqg5hBCeDwqOHsKV7GZjegP4oxIasv9dMU0sj3PJx0DVsehkZnDPR_7PfDE89tGIzgNgDcQBfFIP906LF78ogeRLNlSKmzdGPIZMj7/s1600/TwinTowers.JPG	/assets/img/2013/04/twintowers.jpg
https://blogger.googleusercontent.com/img/b/R29vZ2xl/AVvXsEitfHYxdP8bbBLitbZ0swZfRZGOY3XHd8SUV4GYaUpiZXCoIMeaPQAEJyJGI6lUTosOqnDhgsnetE5ibl3QD25oJ8QMh8uGAT73tHOV4MLucjx2qLmclv5rVQ1CZzC_-bVHRtqUX3VezbQL/s1600/Vintage+Radio_bb.png	/assets/img/2015/05/vintage-radio_bb.png
https://blogger.googleusercontent.com/img/b/R29vZ2xl/AVvXsEiuwI8Kt0eGeFodJz1rtvUMzH3PcRwIRlFL8d4qkirzsjZc8Mj4Gin4YXBsVMgp4_uQlAtC0TmLq2MZ1jIudVmtYuip9B21I0EK678_CiapZt3cE0OWoVFAaFB8d7SE6ccDMVkmQ1OYRCQ9/s1600/12039693_10205647410799461_8669976234796368359_n.jpg	/assets/img/2015/10/12039693_10205647410799461_8669976234796368359_n.jpg
https://blogger.googleusercontent.com/img/b/R29vZ2xl/AVvXsEiwGCpABOGEiItS8xIG-UUnha1WLynBQVXMYNkeUE6ispnDKfeyfFD4rV04Z3CnOgtBTYojsADcfO6S6QW99Y6-3_ie1lcBuJ1pO_1vlsJ8UYW96ulq-txodIJVPpSuPXhhmW5Sh3FptCjp/s1600/2013-10-27_20.47.59_crop.png	/assets/img/2013/11/2013-10-27_20.47.59_crop.png
https://blogger.googleusercontent.com/img/b/R29vZ2xl/AVvXsEiyNe2ykYZ8YFFRaiqw1RNJZZ6soxwa-9lRVFzHo5wr6q8fXeGHDO5x4s_omgfgyQYQFMfdvhEHQqqm3pEAuts62sp8MNaKdX9H60dsp9k7cNFJLhF39J4O7qKHgyL5uyejmbZxyihnNMlQ/s1600/2012-10-06+07.06.46-1.jpg	/assets/img/2012/10/2012-10-06-07.06.46-1.jpg
https://blogger.googleusercontent.com/img/b/R29vZ2xl/AVvXsEiyaTEy-wIctsEpEsLtrAN6SN0d63HQNohpduTEEL05R8L8PhEwIX-uaKlZR3CfrBTO86xxFyRo7JAPosZw07IVntMcifqrxJYkoSmJr4ljFWItUi48ItzV_b-T2L_Zuhyphenhypheno83cFw_fYxtI7/s1600/IMG_20150331_223708976.jpg	/assets/img/2015/04/img_20150331_223708976.jpg
https://blogger.googleusercontent.com/img/b/R29vZ2xl/AVvXsEizBz3zANIXWL5_-NJpet6bfrcQj7qwebymCZMaDdyRju6dQp_B5DnfhZvIwR4ecgAa61E2UkNKVhGQf3fddIc4yDhKFNO-IWRk-C7M6JtlJAgZ4SX53Ko24AvlDW-IonGEC_m2D6l9jEnn/s1600/RJamYork1.PNG	/assets/img/2013/06/rjamyork1.png
https://blogger.googleusercontent.com/img/b/R29vZ2xl/AVvXsEizMY1duHqkPAzrNiO-iF8koagk0SQ2rP0tYcStU6RAQnEKHb2-edU4q6e84sUipIEMj6-I7tlWJSQU_2QZWYGCyxwFJwoxPU1FAuDlT-cxyvskTAH00ud8H1dEXeQQAoIKsq5iKR7a9kvW/s1600/redledwire.jpg	/assets/img/2016/01/redledwire.jpg
https://blogger.googleusercontent.com/img/b/R29vZ2xl/AVvXsEizvQduBt5tPkvuPIdUekkKGUoFEv-SjZQ8sp6O7jL0CxJjagVKyTytUkj7i2ZWsuUaicsmIgrdK75p0LyJOYYmGwdMvMJ124-dLX8vDLSniHsW-dQU17xApYovv2BEHOZTLA5NsdJ9gO4O/s1600/SAM_0858.JPG	/assets/img/2013/03/sam_0858.jpg
https://blogger.googleusercontent.com/img/b/R29vZ2xl/AVvXsEj1YFgt6s39CLeKpZFrPqxTxOPi7lFo-l1j2PRq0pME5VWsflq5Rekxn-QzuOSDvI8QoYpjCcZl041pSvhGZKyJdfpWs2okzYocQpfyevhYaxnXptQJizW9vUVLOEC7tXLY7LuBisH6u_vK/s1600/SAM_0838.JPG	/assets/img/2013/03/sam_0838.jpg
https://blogger.googleusercontent.com/img/b/R29vZ2xl/AVvXsEj4XW2ypt5ObeJ3Qn8l1p5YVUxD1qGzMiOIWo-LR61M9r1d1WQiYKMjAgZamXpwyPJq0h6nAPOowQw38RQU1_Z04OkNmzsyg_WtGNRBOWjJNO-_TDkk8eo9Q38TnwcsRlrpW31Ft4lJ9SeJ/s1600/minecraft-snake.jpg	/assets/img/2013/04/minecraft-snake.jpg
https://blogger.googleusercontent.com/img/b/R29vZ2xl/AVvXsEj7o5OXIrG_shFLyr5u3t8rS8j_hQieK9hC3CnqMQUXtmJn47uc3WyTBBBky5wqEByx5brUgvnNyhsih3mes568pOVPsbTJhF04M2X6R-xB2U8A2It5qseyy7I9anZe4MjRr-ioyKeN1oAu/s1600/SAM_0744.jpg	/assets/img/2012/12/sam_0744.jpg
https://blogger.googleusercontent.com/img/b/R29vZ2xl/AVvXsEjAMPtGeI3tH5t1JwYuOEmQPC3XBc92ByUyE79dlT5K4uM5qbYZBoFSF-LM8aTLt7SQ7s7vJB59TegU8gllDjRuRut5uTycWEFbIO72J0Sc5oh42YYVPcDXMTmPqcPTZOQSpoV9RluoYKWk/s1600/astro+pi+examples.JPG	/assets/img/2015/05/astro-pi-examples.jpg
https://blogger.googleusercontent.com/img/b/R29vZ2xl/AVvXsEjAf3rnXItEPTNfmxofIuAz0K9-cAn_gfJm2CrXWY46Y2c9Ti6lJ03zQZTcekHLNgSWvjYryQxMrKnH6unrI8mXoxEfLgKnM-EPIfcn0mU-E_de07hTGVEUUyKGACERw6EVpFQT-57aQQQR/s1600/eula.JPG	/assets/img/2015/02/eula.jpg
https://blogger.googleusercontent.com/img/b/R29vZ2xl/AVvXsEjEqzTci2SVmJJ1Yv3ih7qX8eqz4Fy1KE1FX-R5IiGfQBAzNeR-t_luEy5CKviHu3IZd7pGO7gMkr96SrkhmkAdwZfFzrICMtlatpcICbV-71dPr0MWamLVvoJ4Sqa8125T0rK7CNwiVHVI/s1600/IMG_20160108_204432090.jpg	/assets/img/2016/01/img_20160108_204432090.jpg
https://blogger.googleusercontent.com/img/b/R29vZ2xl/AVvXsEjI8fdvPv07GNB-2t0rh5RXudgPQV-ykQFkxnkbT-hrPieXzz963u0XNSCo0o2RwGJNZ2BZPxxNYy7KHj4rvvWym7q-q81KbXP6jHy9w_tQ_jpfR5KjXmXHj-a5OcyVhKo9_9v7PoHd2jw4/s1600/blue_dot_feature.png	/assets/img/2017/04/blue_dot_feature.png
https://blogger.googleusercontent.com/img/b/R29vZ2xl/AVvXsEjK4K32m-NHpUQtZxWwh-Syq1TRNk04YBxcHG92lTNzKYSUwkC37HkXKcZztZjmQqRucA0uTfnNcTDxRd0F7-udv7-e8TPu4CCLtLrjAPireNqGDr52B1yv1T4zsSo8RvzY1Gzu3jXfw1PM/s1600/IMG_20160106_213746797.jpg	/assets/img/2016/01/img_20160106_213746797.jpg
https://blogger.googleusercontent.com/img/b/R29vZ2xl/AVvXsEjMcpKQbhvTTUllEgSCQPaLwgEPGHec5_FVcKs-A00vtZrdyTiSR150Sr0k06V9IGsKGqryn9CYUUuTLWlVFHSVyvlUplRIqa4Hev8dOPNQKQvwjfEytBYoy7AivFcFI4_RLOR1EzdeKyxA/s1600/myscreenshot.png	/assets/img/2016/03/myscreenshot.png
https://blogger.googleusercontent.com/img/b/R29vZ2xl/AVvXsEjNLSVXxuep-VU8WQrwI38Tcw3jz8hx6XKObAYUizxE1I6SHpOjxUAJXvHdNmmsKV7GnfVEPVD9enzU_iN01YesHvC9DC5T6QF67I_SBeO0VhmSoR1aDSTCTHhaLgBAo9Ge5D2ZCTsm5DvH/s1600/MInecraftMusic.JPG	/assets/img/2014/11/minecraftmusic.jpg
https://blogger.googleusercontent.com/img/b/R29vZ2xl/AVvXsEjNsQcGGxlhby-IFuhXsJ7OisNqcFZEdrKePeV-AumB5wWXJRYzSDQqO-qeOlqkdyf0Cq_Km0UnHVMw-EHz86ajssIWTSsTVQdLqwRxCGF18Km_7tg07qwp0Sd-Jg_c1BwjBLPw7aCI9gFY/s1600/Minecraft+-+XYZ.png	/assets/img/2013/04/minecraft---xyz.png
https://blogger.googleusercontent.com/img/b/R29vZ2xl/AVvXsEjOtgV7aJzsq8dodF5BYuAqKmCR45Stf-KTVYYhK-3ScNpBhC6zwNyXwvPgzDEzp7bkQhXY7AZr1d_uVE-4euPSA13PlUKCgryAXoxVI7f4Pr-10dnIr_J0GL1veHHU9E2qEBp3hf6A7SS8/s1600/bukkit_logo_small.png	/assets/img/2017/03/bukkit_logo_small.png
https://blogger.googleusercontent.com/img/b/R29vZ2xl/AVvXsEjOwsGXomaygyU0Hx8vgPSLzh5cnWOk5DWc5OsDfhWBj7nvGevkCM_6dXceuNNmantVbae1MBRDtAJvuEt2ddM8xmWxvIbSqZLvyYU0jXkEVXSxUtfLLsucarP3SvNULIts0v7GsXOvSX4K/s1600/004993.jpg	/assets/img/2013/10/004993.jpg
https://blogger.googleusercontent.com/img/b/R29vZ2xl/AVvXsEjRE3vCJlVXhLtu360KoUrd7s2xQ719FMdaEn1b3uq_C6I2u4zKeZxv_hpIFLgEfV44kU9rGqDgnzLhXEuQCyqMO_Gld2PTxq-JPmirEiclYTDZ4ibG6lioDuaqDY2x21aVxH_5IUY1yZPR/s1600/stripboard.JPG	/assets/img/2016/01/stripboard.jpg
https://blogger.googleusercontent.com/img/b/R29vZ2xl/AVvXsEjRqI2h9qKx712NUDeEq5mGkikeqHUdeXUfU6_drlCIsetmLQO4uioMYr4vtXRMRC45g7wD_NS_l04JDpN3tBLkb-Uw0QBDXUvO7nLzK0zhaYtvoHafM4BuqiXIfuVspisfS2gAkwLLjbSD/s1600/Test.gooffpiste+-+Twitter+Developers+-+access+rights.png	/assets/img/2012/04/test.gooffpiste---twitter-developers---access-rights.png
https://blogger.googleusercontent.com/img/b/R29vZ2xl/AVvXsEjTT6N7wHhnbR9TJgShpHaztW4t8T3ReNTLRaeKtUIdZ8Ehf23i5bl45DW8FZtJ1OeLtsn2IQmz7vWUUjTX0DWjpIU4GR11lNYMhIaieIRlULc7K9Wswksa9QRnVEU8sTBIwzH78sQxaoPj/s1600/minecraft_microbit.JPG	/assets/img/2015/12/minecraft_microbit.jpg
https://blogger.googleusercontent.com/img/b/R29vZ2xl/AVvXsEjVb3nqslcIot7D5WIUaBz41XhGdPuGIMIXTK4bmWJXsk7gAJWSVeR5UG2aCQGjlOD7XU6KEXCg-OrQidHPXre-jVYGCy0orBPHMvt5TRAZtyy7JRNoPkHPZnlYW4kZHDA3SK704n-d2C6K/s1600/2013-11-21_22.17.38.jpg	/assets/img/2013/11/2013-11-21_22.17.38.jpg
https://blogger.googleusercontent.com/img/b/R29vZ2xl/AVvXsEjXB7pRkYCvQxbuh9EP4JCCb4FTcKeBbX7s9VMusi-2CgEXsd8yp5UOSp0MGKJbFSfecNa14WTikT-fr5ClM-aGd_vN886J3a_19It5nCnzOAtzNCTPqeueigvl94Yhy9HCZ9kqnJTAgfP3/s1600/RaspberryPi.png	/assets/img/2013/04/raspberrypi.png
https://blogger.googleusercontent.com/img/b/R29vZ2xl/AVvXsEjYgSd751myhzjwGf8mQbGNKjqn5NfT6pOl3mm-SKJU37FUePMuz4QbqkIX_0OEOOKlkTrgKzIzc8G5zNDvOSF0_PHuYdvWejH8492_dEqTL6_q4v6YMzMemiWpRNx5UZTIzzBwHk1vw1Wj/s1600/minecraft-bridge.PNG	/assets/img/2013/02/minecraft-bridge.png
https://blogger.googleusercontent.com/img/b/R29vZ2xl/AVvXsEjZGTZk1AxmMO_8dyOpZ3-s6hDFcumlxVS8nI_XFk_Ke_e9NCzKoReoP50FA-0-QYg8P5zxgxy5BEVCW-T4XbJ-wznok-Hxl6Fpr2jibvOpM_vNZWt1xhEqtjUmZISL92BusuiH6IUyF6ut/s1600/mcp3008.jpg	/assets/img/2015/04/mcp3008.jpg
https://blogger.googleusercontent.com/img/b/R29vZ2xl/AVvXsEjbH1yyDPeOeZO23-QaKE8gD0ZyV817NywY7Y1tvkseI5CEL2Ka5wDEydTZhjhqJE7QIf8b1xznm-hBP7uAKZ5jFoyUK0oAyUKrXgLCoe6vGX_EwHg2-0QnqrOeNKSwNGYkf1lfWfpHmivy/s1600/20130608_132625.jpg	/assets/img/2013/06/20130608_132625.jpg
https://blogger.googleusercontent.com/img/b/R29vZ2xl/AVvXsEjd85cB8OpNADQdDAPQG52V-9SBzqS0bCkObYmmdQTP5OYu4WeCyG0te3HNy-XSZ0ADIIBE5PZpqr6FAh3OCgllAEiRPi-H2hDAhzsc0z7yuE_t2XB7hBkYUWScf_8eaOgIb1nXbFpiz-LO/s1600/20131228_163726.jpg	/assets/img/2014/01/20131228_163726.jpg
https://blogger.googleusercontent.com/img/b/R29vZ2xl/AVvXsEjd95AIFc6L6esujBum_oZUyI1Msl_nAPT8WUJngqK9eBt2sbtmziYn9e4LtyZ4Vtoa1d-vmhMvVYuW-9xTrBSxfpxrwMJvJwTjffrcBcepyvj7Zqi8VTTcwpCmLVx8DNYz91bpAth18tzc/s1600/microbit-windowscommport.JPG	/assets/img/2016/03/microbit-windowscommport.jpg
https://blogger.googleusercontent.com/img/b/R29vZ2xl/AVvXsEjdPdazaA1lemGV5v0r3IJC3QtaDINJgdZRYTabvxSYUdxtbLKjRUjpKhzMremP1ZcaT3VT-dhD9Irm5mH5E9-QExnVelT4g-rEYacuwiVBhsL5f2kOiQfsED1oQ38bdXW_B-QCrtHyNwMI/s1600/Raspberry-Pi-GPIO-Layout-Model-B-Plus-rotated-2700x900.png	/assets/img/2016/09/raspberry-pi-gpio-layout-model-b-plus-rotated-2700x900.png
https://blogger.googleusercontent.com/img/b/R29vZ2xl/AVvXsEjdWPERWOr6yFW_tGWvg4j2FklZhZZWlWPMTTq3_qHjqkFDLeIrGoLRdM9-KckmZIX2QIx5tmU4_YAVVKMapohbdwqDwEXPpm_cjVPhagl6_RLuiQoyDrrWdiuuH8HWJ6KW6FleKtwNb1Ij/s1600/TopOfTheRock.JPG	/assets/img/2013/04/topoftherock.jpg
https://blogger.googleusercontent.com/img/b/R29vZ2xl/AVvXsEjdfbaveUZKfgsjnmnqdqny_Z865NlbxJ0KdMeCgjKIfZHHp2S9c6UbFMkD7WVPY-QhX9Vp397GR3LamaQ69KMA8mSSbk7k7nNmBQ1E_aBz0ruS77MGF-KjojNAorCECIcIDIeYZjIdXFDN/s1600/20130526_163759.jpg	/assets/img/2013/05/20130526_163759.jpg
https://blogger.googleusercontent.com/img/b/R29vZ2xl/AVvXsEjfCTAwxSDdODn06jNnfoew6x5QfYUsFRBoI1C8f7Chj7_HzGlecFY5kTDHqPaTa1MFDcPFofAvneMbaX76P-KaO8dyICX9YRzP20fKBKogRtr5TEjfeKz7H3YEXsd_3AQ2eP0c-YlNMWwl/s1600/20130716_145920.jpg	/assets/img/2013/07/20130716_145920.jpg
https://blogger.googleusercontent.com/img/b/R29vZ2xl/AVvXsEjglPQ00C79ekosFvhGerqTsoNDPYe2P0UZN3CxXlsU6bJFmvQCI5KvCcwdFqkonIv1TcXo3Lw8TnrhxAzjXlLNyZAbTecF7P_t_YUiW5sdPmmT50qOO-zwak_mVAq2JrtF3A7BnPPDcwtJ/s1600/lowbatticon.jpg	/assets/img/2016/01/lowbatticon.jpg
https://blogger.googleusercontent.com/img/b/R29vZ2xl/AVvXsEjhfzhfHlf8scEeU0JsqINJYxqzJOxQeHFy8EA0GovaTvPL70GBRJ4GuVLEYXD14NQpqeCW4Jy7udCA3kWsFZFSaSp6sN1SDwZFK7l2itvQdiRHsZR890VbFeu8JXZRc1ZD39Is9H-8EoBV/s1600/picamera_setup.jpg	/assets/img/2018/06/picamera_setup.jpg
https://blogger.googleusercontent.com/img/b/R29vZ2xl/AVvXsEjhyphenhyphenYsTsgVOXd2MryaQDtKPwzqJ9-qe-60EQPN_125rnO60F-2sTq2sX8NfE-qY2TET5VIOXWBs2EvwC1ZwjURZsYMXldZS6otMej8z1SqWKqfZF-tc1VyxqeUztBStw9OauW7KZOn91Cqp/s1600/IMG_20160106_213808996.jpg	/assets/img/2016/01/img_20160106_213808996.jpg
https://blogger.googleusercontent.com/img/b/R29vZ2xl/AVvXsEjicEfV1yDeT79eAy_F-axXlWVCiRQeRBppUXxKA4B0xRnQ_R9YG0PEFW4Wo5HE00jz8Z3gLe5N5PxPLOvp4YvXqjnJw1qxM2scJwOoTc0-f0KL3OK6AzmwScllj__ueknRmIsoAYZxSQdg/s1600/MinecraftCannon.JPG	/assets/img/2013/04/minecraftcannon-2.jpg
https://blogger.googleusercontent.com/img/b/R29vZ2xl/AVvXsEjie3RcDWJLSqGz8Yl5J0FWGAVcQ8XHXDYk_WZ3sb_uBCOVLk4T-tDZVyjyKFWdYcG-AxIGxQhTUr0Q_6xAoL4UMCovaErgq8OeDVCqQhTIodDIXnn9y6VLYhN-H-zhZlbkUeC2J8PYqhgD/s1600/20130526_203835.jpg	/assets/img/2013/05/20130526_203835.jpg
https://blogger.googleusercontent.com/img/b/R29vZ2xl/AVvXsEjjut_hGpKIFS9fIj_zM9n4V0xuzxuQxf4s3J8lsP6VBJziKGk-NJEjkU4tCaVhlxc3neVBDI2uSOyPc_iwCqg9hv8mMaOaP6oLrofMP3CRNPftl5P0lLongrKKNPBbR5PvCU9gOE8KXI06/s1600/IMG_20150321_142638194.jpg	/assets/img/2015/05/img_20150321_142638194.jpg
https://blogger.googleusercontent.com/img/b/R29vZ2xl/AVvXsEjkY7GttLuldnu1OtO4grBMZAEaPTfbL-44UQ4ftj3KLZzMdZ_XCKqq3HyI5hfqQmwoxMQbgoyeYXOb_GYTKdW9logl7W4820MRBE1jQo6D6OwrL8mR5H5cUsZ2HJJaj9dhAomLgk-tc55b/s1600/astropisnake.JPG	/assets/img/2015/06/astropisnake.jpg
https://blogger.googleusercontent.com/img/b/R29vZ2xl/AVvXsEjmKMPBQID53Q1Mh_sxW6tv-gpblUZppwPRvDS56YFkzLh-TifyrZiYYwKTQpceOG_CJniaf6wmHaAyrG0XoKxN_HidjoBpebcBSK4eVDgpOYHURnHfQsciQF2kF86KGMxrRJW3CsnCngsY/s1600/Drawing+Polygons+%25281%2529.png	/assets/img/2013/11/drawing-polygons-281-29.png
https://blogger.googleusercontent.com/img/b/R29vZ2xl/AVvXsEjmpuKikQD2zeQieulLuBW0wDAFWiB_VEF6n4PAanLBKekk-6DR_NugPm8PYRo8fFzWbQISJIkdvyNmnSfnII7Ml4447_OTVPq969XL8sqwrYXP-Bapuoh7kcouOuyFTAyEPlUmVfId4pBB/s1600/XboxRobot.PNG	/assets/img/2014/10/xboxrobot.png
https://blogger.googleusercontent.com/img/b/R29vZ2xl/AVvXsEjnj7Lv_VtsIVEdsGElLf5i7VuaA2xwL1PtRis10-utWoI5AsKn5lKk_8c0YWSciidGewvPaa6VEk5GDFtoveVCdrt1ImKpbT7u-2zm9cJRAAJy9X2KDdp5nynzLzh5YO1IlH6cR62Y9kbx/s1600/SAM_0712.JPG	/assets/img/2012/11/sam_0712.jpg
https://blogger.googleusercontent.com/img/b/R29vZ2xl/AVvXsEjoeOH-PIkQASMoi2jXtEBqf3SgKcYnu2TpztaRoRAHD25CrdpDm_iurGIun3WU5mV2PwJtt9NeJfcdFlkD5VcBNVqCCdOXJmOhIig_Uz7D6PrrK6ZPFZNb_lffOStp48FtZxhGVtzOJc3L/s1600/IMG_20150407_223448.jpg	/assets/img/2015/05/img_20150407_223448.jpg
https://blogger.googleusercontent.com/img/b/R29vZ2xl/AVvXsEjpDtkQP61OIZq8zFrwGOIl5uGeVw2uPN2XSF5B1QJpuVkwcm7mOCHGgnRUIgNW9_G2nnIS7rzSgyojNiebAvTIZGg9aNmt3T5Ckw9NIdzy_IBGHdD5dLYTw-G9cz2J2PZOQdKKoCTWbd5f/s1600/Test.gooffpiste+-+Twitter+Developers.png+-+Authorize.png	/assets/img/2012/04/test.gooffpiste---twitter-developers.png---authorize.png
https://blogger.googleusercontent.com/img/b/R29vZ2xl/AVvXsEjpTsF5h2TxtfJ5U7m7_ShdWpnie-09TPwz9RcJedo6Xy2gBwnEhPZG3hCsD0b8BBFSrmG5Q854qWKZ3qZqPccurUS6cgKZgCvGChXY8sDW3LZ_dfXXoXUW2klaVq0LBJDo_ArwtjuILX2m/s1600/2013-01-31+21.22.50.jpg	/assets/img/2013/01/2013-01-31-21.22.50.jpg
https://blogger.googleusercontent.com/img/b/R29vZ2xl/AVvXsEjrfIEYsqfvdhnGDWw7P4geyeka7iuJZ_tNp5mSeZzAdD_XDdEfKQvJYTp3W78-5IXSIfvXxc1FCJzxkJJdz5T9yNlEu5dzAQtWAPgny4cuoBILei6hyphenhyphenAGr7OY7xCXfD6QAdGfIb2n1Q-0Z/s1600/TransmitterDetail.png	/assets/img/2012/12/transmitterdetail.png
https://blogger.googleusercontent.com/img/b/R29vZ2xl/AVvXsEjsde-_eDrcyk7aUxEAPDzAoQBrua7Cvkow-bjm31WeSewywt0_RXAYWQgDx8-vK7bFa2e8Ev4W1fc7YNYSvARqOyeW_VW6LLUwfCjERqCLafR7g7VkXe61BJkQrm74TRHpD3Y63opr6p7S/s1600/RaspberryPiKY040_bb.jpg	/assets/img/2015/05/raspberrypiky040_bb.jpg
https://blogger.googleusercontent.com/img/b/R29vZ2xl/AVvXsEjuwJUSJAePFb53Ck2pnnQy0Mzk-OBK4Z_e3zRlFY5M5HpAqM84eCOYmjLJMr6_zIDeab6eWZ6UuGrKR19dE3-8Bir5-p1PXBJPEqoxGTvXe3_suTL7sEe5XTW_lHlS9PE6pWWMN5HuNrDY/s1600/IMG_20150503_092357429.jpg	/assets/img/2015/05/img_20150503_092357429.jpg
https://blogger.googleusercontent.com/img/b/R29vZ2xl/AVvXsEjxD3KULYxvcOjPV752sQPwo3U4o4voX2F_9Gio2MMq7w63rWWujjqGSYKMOTYvWe41Jq13GmeJybjfHfaFp_Q7CcPxLLTh_3UYBMtWTNTGfLVJqTVpe-hLZZX3riARGY5FWB1fFosaGE2M/s1600/qrcode.png	/assets/img/2014/12/qrcode.png
https://blogger.googleusercontent.com/img/b/R29vZ2xl/AVvXsEjyeWHHMnU_vtZnq-zE-vQYxrItVdu3a92FjK2XTWzGGN__KucpSXIcPZHCZACZjhNsQLhND_IsP8fhkZ9b3cWqluVKCGJFeE8spwImlwFF08srtN_UJ9qy9gpTO_W22Sa1pwB1knLJI6J7/s1600/SAM_0842.JPG	/assets/img/2013/03/sam_0842.jpg
https://lh3.googleusercontent.com/P3h-MGzOpC2i8nq5LqeTBDReHobckYkyHznAZ9iWSWXHS3TYeoHZ7cDrPkbP6CzaapWoOtsG3m7mwqkQvnpehU9G0yZby5klfYZwOdbpstFgtLMRl5kc3VqmHdPlpxYBRjZH261Q	/assets/img/2015/09/p3h-mgzopc2i8nq5lqetbdrehobckykyhznaz9iwswxhs3tyeohz7cdrpkbp6czaapwootsg3m7mwqkqvnpehu9g0yzby5klfyzwodbpstfgtlmrl5kc3vqmhdplpxybrjzh261q.jpg
https://licensebuttons.net/l/by-sa/3.0/88x31.png	/assets/img/2015/07/88x31.png
